id,name,cls,d,fireMode,closeRange,mult,healthDamage,prodArmorDamage,refArmorDamage,prodBreak,refBreak,prodBtk,refBtk,rpm,triggerTtk
"m433","M433","Assault Rifle",1,"auto","remove",0.84,26.05,17.3628,17.3628,5,5,9,9,830.769,579.0508125327098
"m433","M433","Assault Rifle",5,"auto","remove",0.84,26.05,17.3628,17.3628,5,5,9,9,830.769,584.1870949791326
"m433","M433","Assault Rifle",9,"auto","remove",0.84,26.05,17.3628,17.3628,5,5,9,9,830.769,589.3957910927227
"m433","M433","Assault Rifle",10,"auto","remove",0.84,26.05,17.3628,17.3628,5,5,9,9,830.769,590.7093990810971
"m433","M433","Assault Rifle",11,"auto","remove",0.84,26.05,17.3628,17.3628,5,5,9,9,830.769,592.0276127526748
"m433","M433","Assault Rifle",20,"auto","remove",0.84,26.05,17.3628,17.3628,5,5,9,9,830.769,604.1014382716495
"m433","M433","Assault Rifle",21,"auto","remove",0.84,26.05,17.3628,17.3628,5,5,9,9,830.769,605.4666382716496
"m433","M433","Assault Rifle",25,"auto","remove",0.84,20.67,17.3628,17.3628,5,5,10,10,830.769,683.1975805556057
"m433","M433","Assault Rifle",30,"auto","remove",0.84,20.67,17.3628,17.3628,5,5,10,10,830.769,690.1927805556056
"m433","M433","Assault Rifle",31,"auto","remove",0.84,20.67,17.3628,17.3628,5,5,10,10,830.769,691.6065805556057
"m433","M433","Assault Rifle",35,"auto","remove",0.84,20.67,17.3628,17.3628,5,5,10,10,830.769,697.3115329150215
"m433","M433","Assault Rifle",36,"auto","remove",0.84,20.67,17.3628,17.3628,5,5,10,10,830.769,698.7502805556056
"m433","M433","Assault Rifle",37,"auto","remove",0.84,20.67,17.3628,17.3628,5,5,10,10,830.769,700.1940805556056
"m433","M433","Assault Rifle",50,"auto","remove",0.84,20.67,17.3628,17.3628,5,5,10,10,830.769,719.4306458350967
"m433","M433","Assault Rifle",60,"auto","remove",0.84,20.67,17.3628,17.3628,5,5,10,10,830.769,734.8351805556057
"m433","M433","Assault Rifle",74,"auto","remove",0.84,20.67,17.3628,17.3628,5,5,10,10,830.769,757.3277553706531
"m433","M433","Assault Rifle",75,"auto","remove",0.84,20.67,17.3628,17.3628,5,5,10,10,830.769,758.9769342925782
"m433","M433","Assault Rifle",76,"auto","remove",0.84,17.13,17.3628,17.3628,5,5,11,11,830.769,832.8541228395619
"m433","M433","Assault Rifle",83,"auto","remove",0.84,17.13,17.3628,17.3628,5,5,11,11,830.769,844.6024805091087
"m433","M433","Assault Rifle",85,"auto","remove",0.84,17.13,17.3628,17.3628,5,5,11,11,830.769,848.0123228395619
"m433","M433","Assault Rifle",100,"auto","remove",0.84,17.13,14.389199999999999,14.389199999999999,6,6,12,12,830.769,946.5838651235181
"m433","M433","Assault Rifle",120,"auto","remove",0.84,17.13,14.389199999999999,14.389199999999999,6,6,12,12,830.769,983.9387651235181
"m433","M433","Assault Rifle",150,"auto","remove",0.84,17.13,14.389199999999999,14.389199999999999,6,6,12,12,830.769,1045.1104296466951
"m433","M433","Assault Rifle",200,"auto","remove",0.84,17.13,14.389199999999999,14.389199999999999,6,6,12,12,830.769,1162.479765123518
"m433","M433","Assault Rifle",250,"auto","remove",0.84,17.13,14.389199999999999,14.389199999999999,6,6,12,12,830.769,1302.2955651235181
"m433","M433","Assault Rifle",300,"auto","remove",0.84,17.13,14.389199999999999,14.389199999999999,6,6,12,12,830.769,1468.8505651235182
"b36a4","B36A4","Assault Rifle",1,"auto","remove",0.84,26.05,17.3628,17.3628,5,5,9,9,719.999,667.7505677759914
"b36a4","B36A4","Assault Rifle",5,"auto","remove",0.84,26.05,17.3628,17.3628,5,5,9,9,719.999,672.1205724087857
"b36a4","B36A4","Assault Rifle",9,"auto","remove",0.84,26.05,17.3628,17.3628,5,5,9,9,719.999,676.5521873724565
"b36a4","B36A4","Assault Rifle",10,"auto","remove",0.84,26.05,17.3628,17.3628,5,5,9,9,719.999,677.6697925938786
"b36a4","B36A4","Assault Rifle",11,"auto","remove",0.84,26.05,17.3628,17.3628,5,5,9,9,719.999,678.7913696928698
"b36a4","B36A4","Assault Rifle",20,"auto","remove",0.84,26.05,17.3628,17.3628,5,5,9,9,719.999,689.0638925938786
"b36a4","B36A4","Assault Rifle",21,"auto","remove",0.84,26.05,17.3628,17.3628,5,5,9,9,719.999,690.2253925938786
"b36a4","B36A4","Assault Rifle",25,"auto","remove",0.84,20.67,17.3628,17.3628,5,5,10,10,719.999,778.2457416681134
"b36a4","B36A4","Assault Rifle",30,"auto","remove",0.84,20.67,17.3628,17.3628,5,5,10,10,719.999,784.1973416681134
"b36a4","B36A4","Assault Rifle",31,"auto","remove",0.84,20.67,17.3628,17.3628,5,5,10,10,719.999,785.4002412166358
"b36a4","B36A4","Assault Rifle",35,"auto","remove",0.84,20.67,17.3628,17.3628,5,5,10,10,719.999,790.2540416681135
"b36a4","B36A4","Assault Rifle",36,"auto","remove",0.84,20.67,17.3628,17.3628,5,5,10,10,719.999,791.4781416681134
"b36a4","B36A4","Assault Rifle",37,"auto","remove",0.84,20.67,17.3628,17.3628,5,5,10,10,719.999,792.7065416681135
"b36a4","B36A4","Assault Rifle",50,"auto","remove",0.84,20.67,17.3628,17.3628,5,5,10,10,719.999,809.0732321275291
"b36a4","B36A4","Assault Rifle",60,"auto","remove",0.84,20.67,17.3628,17.3628,5,5,10,10,719.999,822.1795930061036
"b36a4","B36A4","Assault Rifle",74,"auto","remove",0.84,20.67,17.3628,17.3628,5,5,10,10,719.999,841.3165026188619
"b36a4","B36A4","Assault Rifle",75,"auto","remove",0.84,20.67,17.3628,17.3628,5,5,10,10,719.999,842.7196416681135
"b36a4","B36A4","Assault Rifle",76,"auto","remove",0.84,17.13,17.3628,17.3628,5,5,11,11,719.999,927.4611497962255
"b36a4","B36A4","Assault Rifle",83,"auto","remove",0.84,17.13,17.3628,17.3628,5,5,11,11,719.999,937.456766835249
"b36a4","B36A4","Assault Rifle",85,"auto","remove",0.84,17.13,17.3628,17.3628,5,5,11,11,719.999,940.3578907423482
"b36a4","B36A4","Assault Rifle",100,"auto","remove",0.84,17.13,14.389199999999999,14.389199999999999,6,6,12,12,719.999,1046.109639816583
"b36a4","B36A4","Assault Rifle",120,"auto","remove",0.84,17.13,14.389199999999999,14.389199999999999,6,6,12,12,719.999,1077.891539816583
"b36a4","B36A4","Assault Rifle",150,"auto","remove",0.84,17.13,14.389199999999999,14.389199999999999,6,6,12,12,719.999,1129.9370398165831
"b36a4","B36A4","Assault Rifle",200,"auto","remove",0.84,17.13,14.389199999999999,14.389199999999999,6,6,12,12,719.999,1229.796139816583
"b36a4","B36A4","Assault Rifle",250,"auto","remove",0.84,17.13,14.389199999999999,14.389199999999999,6,6,12,12,719.999,1348.752939816583
"b36a4","B36A4","Assault Rifle",300,"auto","remove",0.84,17.13,14.389199999999999,14.389199999999999,6,6,12,12,719.999,1490.459839816583
"sor556","SOR-556 MK2","Assault Rifle",1,"auto","remove",0.84,26.05,17.3628,17.3628,5,5,9,9,568.421,845.4880143456837
"sor556","SOR-556 MK2","Assault Rifle",5,"auto","remove",0.84,26.05,17.3628,17.3628,5,5,9,9,568.421,849.6986958929074
"sor556","SOR-556 MK2","Assault Rifle",9,"auto","remove",0.84,26.05,17.3628,17.3628,5,5,9,9,568.421,853.968722633752
"sor556","SOR-556 MK2","Assault Rifle",10,"auto","remove",0.84,26.05,17.3628,17.3628,5,5,9,9,568.421,855.045622633752
"sor556","SOR-556 MK2","Assault Rifle",11,"auto","remove",0.84,26.05,17.3628,17.3628,5,5,9,9,568.421,856.1262870260092
"sor556","SOR-556 MK2","Assault Rifle",20,"auto","remove",0.84,26.05,17.3628,17.3628,5,5,9,9,568.421,866.024322633752
"sor556","SOR-556 MK2","Assault Rifle",21,"auto","remove",0.84,26.05,17.3628,17.3628,5,5,9,9,568.421,867.143491881339
"sor556","SOR-556 MK2","Assault Rifle",25,"auto","remove",0.84,20.67,17.3628,17.3628,5,5,10,10,568.421,977.2150476186115
"sor556","SOR-556 MK2","Assault Rifle",30,"auto","remove",0.84,20.67,17.3628,17.3628,5,5,10,10,568.421,982.9496743783595
"sor556","SOR-556 MK2","Assault Rifle",31,"auto","remove",0.84,20.67,17.3628,17.3628,5,5,10,10,568.421,984.1086879629711
"sor556","SOR-556 MK2","Assault Rifle",35,"auto","remove",0.84,20.67,17.3628,17.3628,5,5,10,10,568.421,988.7855403659505
"sor556","SOR-556 MK2","Assault Rifle",36,"auto","remove",0.84,20.67,17.3628,17.3628,5,5,10,10,568.421,989.964987962971
"sor556","SOR-556 MK2","Assault Rifle",37,"auto","remove",0.84,20.67,17.3628,17.3628,5,5,10,10,568.421,991.1485879629711
"sor556","SOR-556 MK2","Assault Rifle",50,"auto","remove",0.84,20.67,17.3628,17.3628,5,5,10,10,568.421,1006.9185879629711
"sor556","SOR-556 MK2","Assault Rifle",60,"auto","remove",0.84,20.67,17.3628,17.3628,5,5,10,10,568.421,1019.5470879629711
"sor556","SOR-556 MK2","Assault Rifle",74,"auto","remove",0.84,20.67,17.3628,17.3628,5,5,10,10,568.421,1037.9863393998903
"sor556","SOR-556 MK2","Assault Rifle",75,"auto","remove",0.84,20.67,17.3628,17.3628,5,5,10,10,568.421,1039.338287962971
"sor556","SOR-556 MK2","Assault Rifle",76,"auto","remove",0.84,17.13,17.3628,17.3628,5,5,11,11,568.421,1146.2506112347282
"sor556","SOR-556 MK2","Assault Rifle",83,"auto","remove",0.84,17.13,17.3628,17.3628,5,5,11,11,568.421,1155.8818047358707
"sor556","SOR-556 MK2","Assault Rifle",85,"auto","remove",0.84,17.13,17.3628,17.3628,5,5,11,11,568.421,1158.67715329219
"sor556","SOR-556 MK2","Assault Rifle",100,"auto","remove",0.84,17.13,14.389199999999999,14.389199999999999,6,6,12,12,568.421,1285.8337033217833
"sor556","SOR-556 MK2","Assault Rifle",120,"auto","remove",0.84,17.13,14.389199999999999,14.389199999999999,6,6,12,12,568.421,1316.4569186214092
"sor556","SOR-556 MK2","Assault Rifle",150,"auto","remove",0.84,17.13,14.389199999999999,14.389199999999999,6,6,12,12,568.421,1366.604918621409
"sor556","SOR-556 MK2","Assault Rifle",200,"auto","remove",0.84,17.13,14.389199999999999,14.389199999999999,6,6,12,12,568.421,1462.823318621409
"sor556","SOR-556 MK2","Assault Rifle",250,"auto","remove",0.84,17.13,14.389199999999999,14.389199999999999,6,6,12,12,568.421,1577.4431186214092
"sor556","SOR-556 MK2","Assault Rifle",300,"auto","remove",0.84,17.13,14.389199999999999,14.389199999999999,6,6,12,12,568.421,1713.983618621409
"ak4d","AK4D","Assault Rifle",1,"auto","remove",0.84,35.22,21.882,21.882,4,4,7,7,514.285,701.1794722235726
"ak4d","AK4D","Assault Rifle",5,"auto","remove",0.84,35.22,21.882,21.882,4,4,7,7,514.285,705.9350722235725
"ak4d","AK4D","Assault Rifle",9,"auto","remove",0.84,35.22,21.882,21.882,4,4,7,7,514.285,710.757737129672
"ak4d","AK4D","Assault Rifle",10,"auto","remove",0.84,35.22,21.882,21.882,4,4,7,7,514.285,711.9739722235726
"ak4d","AK4D","Assault Rifle",11,"auto","remove",0.84,35.22,21.882,21.882,4,4,7,7,514.285,713.1944722235726
"ak4d","AK4D","Assault Rifle",20,"auto","remove",0.84,35.22,21.882,21.882,4,4,7,7,514.285,724.3734701241495
"ak4d","AK4D","Assault Rifle",21,"auto","remove",0.84,35.22,21.882,21.882,4,4,7,7,514.285,725.6374551384943
"ak4d","AK4D","Assault Rifle",25,"auto","remove",0.84,26.05,21.882,21.882,4,4,8,8,514.285,847.4046965385776
"ak4d","AK4D","Assault Rifle",30,"auto","remove",0.84,26.05,21.882,21.882,4,4,8,8,514.285,853.8814514672342
"ak4d","AK4D","Assault Rifle",31,"auto","remove",0.84,26.05,21.882,21.882,4,4,8,8,514.285,855.1904592597169
"ak4d","AK4D","Assault Rifle",35,"auto","remove",0.84,26.05,21.882,21.882,4,4,8,8,514.285,860.4725009275014
"ak4d","AK4D","Assault Rifle",36,"auto","remove",0.84,26.05,21.882,21.882,4,4,8,8,514.285,861.8046642159131
"ak4d","AK4D","Assault Rifle",37,"auto","remove",0.84,26.05,21.882,21.882,4,4,8,8,514.285,863.1414518393618
"ak4d","AK4D","Assault Rifle",50,"auto","remove",0.84,26.05,21.882,21.882,4,4,8,8,514.285,880.9522009275014
"ak4d","AK4D","Assault Rifle",60,"auto","remove",0.84,26.05,21.882,21.882,4,4,8,8,514.285,895.2150009275014
"ak4d","AK4D","Assault Rifle",74,"auto","remove",0.84,26.05,21.882,21.882,4,4,8,8,514.285,916.0405009275014
"ak4d","AK4D","Assault Rifle",75,"auto","remove",0.84,26.05,21.882,21.882,4,4,8,8,514.285,917.5674540933808
"ak4d","AK4D","Assault Rifle",76,"auto","remove",0.84,20.67,21.882,21.882,4,4,9,9,514.285,1035.7665821312378
"ak4d","AK4D","Assault Rifle",83,"auto","remove",0.84,20.67,21.882,21.882,4,4,9,9,514.285,1046.6441296314301
"ak4d","AK4D","Assault Rifle",85,"auto","remove",0.84,20.67,21.882,21.882,4,4,9,9,514.285,1049.801310422279
"ak4d","AK4D","Assault Rifle",100,"auto","remove",0.84,20.67,17.3628,17.3628,5,5,10,10,514.285,1190.864458335359
"ak4d","AK4D","Assault Rifle",120,"auto","remove",0.84,20.67,17.3628,17.3628,5,5,10,10,514.285,1225.450720728177
"ak4d","AK4D","Assault Rifle",150,"auto","remove",0.84,20.67,17.3628,17.3628,5,5,10,10,514.285,1282.0884583353588
"ak4d","AK4D","Assault Rifle",200,"auto","remove",0.84,20.67,17.3628,17.3628,5,5,10,10,514.285,1390.7586583353589
"ak4d","AK4D","Assault Rifle",250,"auto","remove",0.84,20.67,17.3628,17.3628,5,5,10,10,514.285,1520.2116583353588
"ak4d","AK4D","Assault Rifle",300,"auto","remove",0.84,20.67,17.3628,17.3628,5,5,10,10,514.285,1674.4219583353588
"tr7","TR-7","Assault Rifle",1,"auto","remove",0.84,35.22,21.882,21.882,4,4,7,7,719.999,501.32749444540895
"tr7","TR-7","Assault Rifle",5,"auto","remove",0.84,35.22,21.882,21.882,4,4,7,7,719.999,506.68149444540893
"tr7","TR-7","Assault Rifle",9,"auto","remove",0.84,35.22,21.882,21.882,4,4,7,7,719.999,512.1109595714812
"tr7","TR-7","Assault Rifle",10,"auto","remove",0.84,35.22,21.882,21.882,4,4,7,7,719.999,513.480194445409
"tr7","TR-7","Assault Rifle",11,"auto","remove",0.84,35.22,21.882,21.882,4,4,7,7,719.999,514.854294445409
"tr7","TR-7","Assault Rifle",20,"auto","remove",0.84,35.22,21.882,21.882,4,4,7,7,719.999,527.439894445409
"tr7","TR-7","Assault Rifle",21,"auto","remove",0.84,35.22,21.882,21.882,4,4,7,7,719.999,528.8629599787644
"tr7","TR-7","Assault Rifle",25,"auto","remove",0.84,26.05,21.882,21.882,4,4,8,8,719.999,617.9385955321136
"tr7","TR-7","Assault Rifle",30,"auto","remove",0.84,26.05,21.882,21.882,4,4,8,8,719.999,625.2303063789456
"tr7","TR-7","Assault Rifle",31,"auto","remove",0.84,26.05,21.882,21.882,4,4,8,8,719.999,626.7040237612109
"tr7","TR-7","Assault Rifle",35,"auto","remove",0.84,26.05,21.882,21.882,4,4,8,8,719.999,632.6507435196437
"tr7","TR-7","Assault Rifle",36,"auto","remove",0.84,26.05,21.882,21.882,4,4,8,8,719.999,634.1504435196437
"tr7","TR-7","Assault Rifle",37,"auto","remove",0.84,26.05,21.882,21.882,4,4,8,8,719.999,635.6554435196437
"tr7","TR-7","Assault Rifle",50,"auto","remove",0.84,26.05,21.882,21.882,4,4,8,8,719.999,655.7073435196437
"tr7","TR-7","Assault Rifle",60,"auto","remove",0.84,26.05,21.882,21.882,4,4,8,8,719.999,671.7648189999628
"tr7","TR-7","Assault Rifle",74,"auto","remove",0.84,26.05,21.882,21.882,4,4,8,8,719.999,695.2107016381104
"tr7","TR-7","Assault Rifle",75,"auto","remove",0.84,26.05,21.882,21.882,4,4,8,8,719.999,696.9297435196437
"tr7","TR-7","Assault Rifle",76,"auto","remove",0.84,20.67,21.882,21.882,4,4,9,9,719.999,781.9882925938786
"tr7","TR-7","Assault Rifle",83,"auto","remove",0.84,20.67,21.882,21.882,4,4,9,9,719.999,794.2345925938786
"tr7","TR-7","Assault Rifle",85,"auto","remove",0.84,20.67,21.882,21.882,4,4,9,9,719.999,797.7889925938786
"tr7","TR-7","Assault Rifle",100,"auto","remove",0.84,20.67,17.3628,17.3628,5,5,10,10,719.999,908.5885416681134
"tr7","TR-7","Assault Rifle",120,"auto","remove",0.84,20.67,17.3628,17.3628,5,5,10,10,719.999,947.526701315657
"tr7","TR-7","Assault Rifle",150,"auto","remove",0.84,20.67,17.3628,17.3628,5,5,10,10,719.999,1011.2910416681134
"tr7","TR-7","Assault Rifle",200,"auto","remove",0.84,20.67,17.3628,17.3628,5,5,10,10,719.999,1133.6349416681135
"tr7","TR-7","Assault Rifle",250,"auto","remove",0.84,20.67,17.3628,17.3628,5,5,10,10,719.999,1279.3767416681135
"tr7","TR-7","Assault Rifle",300,"auto","remove",0.84,20.67,17.3628,17.3628,5,5,10,10,719.999,1452.9910416681134
"kord6p67","KORD 6P67","Assault Rifle",1,"auto","remove",0.84,20.67,14.389199999999999,14.389199999999999,6,6,11,11,899.999,668.0510074082305
"kord6p67","KORD 6P67","Assault Rifle",5,"auto","remove",0.84,20.67,14.389199999999999,14.389199999999999,6,6,11,11,899.999,673.6342669783811
"kord6p67","KORD 6P67","Assault Rifle",9,"auto","remove",0.84,20.67,14.389199999999999,14.389199999999999,6,6,11,11,899.999,679.2962059858335
"kord6p67","KORD 6P67","Assault Rifle",10,"auto","remove",0.84,20.67,14.389199999999999,14.389199999999999,6,6,11,11,899.999,680.7241074082305
"kord6p67","KORD 6P67","Assault Rifle",11,"auto","remove",0.84,20.67,14.389199999999999,14.389199999999999,6,6,11,11,899.999,682.1570074082305
"kord6p67","KORD 6P67","Assault Rifle",20,"auto","remove",0.84,20.67,14.389199999999999,14.389199999999999,6,6,11,11,899.999,695.2815074082305
"kord6p67","KORD 6P67","Assault Rifle",21,"auto","remove",0.84,20.67,14.389199999999999,14.389199999999999,6,6,11,11,899.999,696.7654881785114
"kord6p67","KORD 6P67","Assault Rifle",25,"auto","remove",0.84,17.13,14.389199999999999,14.389199999999999,6,6,12,12,899.999,769.4202481490535
"kord6p67","KORD 6P67","Assault Rifle",30,"auto","remove",0.84,17.13,14.389199999999999,14.389199999999999,6,6,12,12,899.999,777.0242074843752
"kord6p67","KORD 6P67","Assault Rifle",31,"auto","remove",0.84,17.13,14.389199999999999,14.389199999999999,6,6,12,12,899.999,778.5610260252733
"kord6p67","KORD 6P67","Assault Rifle",35,"auto","remove",0.84,17.13,14.389199999999999,14.389199999999999,6,6,12,12,899.999,784.7623481490534
"kord6p67","KORD 6P67","Assault Rifle",36,"auto","remove",0.84,17.13,14.389199999999999,14.389199999999999,6,6,12,12,899.999,786.3263218992606
"kord6p67","KORD 6P67","Assault Rifle",37,"auto","remove",0.84,17.13,14.389199999999999,14.389199999999999,6,6,12,12,899.999,787.8957481490535
"kord6p67","KORD 6P67","Assault Rifle",50,"auto","remove",0.84,17.13,14.389199999999999,14.389199999999999,6,6,12,12,899.999,808.8062146890527
"kord6p67","KORD 6P67","Assault Rifle",60,"auto","remove",0.84,17.13,14.389199999999999,14.389199999999999,6,6,12,12,899.999,825.5512199551873
"kord6p67","KORD 6P67","Assault Rifle",74,"auto","remove",0.84,17.13,14.389199999999999,14.389199999999999,6,6,12,12,899.999,850.0010008830899
"kord6p67","KORD 6P67","Assault Rifle",75,"auto","remove",0.84,17.13,14.389199999999999,14.389199999999999,6,6,12,12,899.999,851.7936481490535
"kord6p67","KORD 6P67","Assault Rifle",76,"auto","remove",0.84,14.62,14.389199999999999,14.389199999999999,6,6,13,13,899.999,920.2593888898765
"kord6p67","KORD 6P67","Assault Rifle",83,"auto","remove",0.84,14.62,14.389199999999999,14.389199999999999,6,6,13,13,899.999,933.0300399754196
"kord6p67","KORD 6P67","Assault Rifle",85,"auto","remove",0.84,14.62,14.389199999999999,14.389199999999999,6,6,13,13,899.999,936.7365888898764
"kord6p67","KORD 6P67","Assault Rifle",100,"auto","remove",0.84,14.62,12.2808,12.2808,7,7,14,14,899.999,1032.0455098963891
"kord6p67","KORD 6P67","Assault Rifle",120,"auto","remove",0.84,14.62,12.2808,12.2808,7,7,14,14,899.999,1072.6508796775163
"kord6p67","KORD 6P67","Assault Rifle",150,"auto","remove",0.84,14.62,12.2808,12.2808,7,7,14,14,899.999,1139.1454296306997
"kord6p67","KORD 6P67","Assault Rifle",200,"auto","remove",0.84,14.62,12.2808,12.2808,7,7,14,14,899.999,1266.7279296306997
"kord6p67","KORD 6P67","Assault Rifle",250,"auto","remove",0.84,14.62,12.2808,12.2808,7,7,14,14,899.999,1418.7099296306997
"kord6p67","KORD 6P67","Assault Rifle",300,"auto","remove",0.84,14.62,12.2808,12.2808,7,7,14,14,899.999,1599.7580296306996
"nvo228e","NVO-228E","Assault Rifle",1,"auto","remove",0.84,35.22,23.083199999999998,23.083199999999998,4,4,7,7,654.545,551.2813819447097
"nvo228e","NVO-228E","Assault Rifle",5,"auto","remove",0.84,35.22,23.083199999999998,23.083199999999998,4,4,7,7,654.545,556.4504819447097
"nvo228e","NVO-228E","Assault Rifle",9,"auto","remove",0.84,35.22,23.083199999999998,23.083199999999998,4,4,7,7,654.545,561.6924819447097
"nvo228e","NVO-228E","Assault Rifle",10,"auto","remove",0.84,27.48,23.083199999999998,23.083199999999998,4,4,8,8,654.545,654.681212268828
"nvo228e","NVO-228E","Assault Rifle",11,"auto","remove",0.84,27.48,23.083199999999998,23.083199999999998,4,4,8,8,654.545,656.0078972004992
"nvo228e","NVO-228E","Assault Rifle",20,"auto","remove",0.84,27.48,23.083199999999998,23.083199999999998,4,4,8,8,654.545,668.158912268828
"nvo228e","NVO-228E","Assault Rifle",21,"auto","remove",0.84,27.48,23.083199999999998,23.083199999999998,4,4,8,8,654.545,669.5328122688279
"nvo228e","NVO-228E","Assault Rifle",25,"auto","remove",0.84,21.56,23.083199999999998,23.083199999999998,4,4,9,9,654.545,766.7435117354205
"nvo228e","NVO-228E","Assault Rifle",30,"auto","remove",0.84,21.56,23.083199999999998,23.083199999999998,4,4,9,9,654.545,773.7834425929464
"nvo228e","NVO-228E","Assault Rifle",31,"auto","remove",0.84,21.56,23.083199999999998,23.083199999999998,4,4,9,9,654.545,775.2062973018762
"nvo228e","NVO-228E","Assault Rifle",35,"auto","remove",0.84,21.56,18.1104,18.1104,5,5,10,10,654.545,872.6144275294179
"nvo228e","NVO-228E","Assault Rifle",36,"auto","remove",0.84,21.56,18.1104,18.1104,5,5,10,10,654.545,874.0623729170645
"nvo228e","NVO-228E","Assault Rifle",37,"auto","remove",0.84,20.67,18.1104,18.1104,5,5,10,10,654.545,875.5153729170646
"nvo228e","NVO-228E","Assault Rifle",50,"auto","remove",0.84,20.67,17.3628,17.3628,5,5,10,10,654.545,894.8749670026905
"nvo228e","NVO-228E","Assault Rifle",60,"auto","remove",0.84,20.67,17.3628,17.3628,5,5,10,10,654.545,910.3779729170645
"nvo228e","NVO-228E","Assault Rifle",74,"auto","remove",0.84,20.67,17.3628,17.3628,5,5,10,10,654.545,933.0143729170645
"nvo228e","NVO-228E","Assault Rifle",75,"auto","remove",0.84,20.67,17.3628,17.3628,5,5,10,10,654.545,934.6740729170646
"nvo228e","NVO-228E","Assault Rifle",76,"auto","remove",0.84,17.13,17.3628,17.3628,5,5,11,11,654.545,1028.0063820453215
"nvo228e","NVO-228E","Assault Rifle",83,"auto","remove",0.84,17.13,17.3628,17.3628,5,5,11,11,654.545,1039.8298032411828
"nvo228e","NVO-228E","Assault Rifle",85,"auto","remove",0.84,17.13,17.3628,17.3628,5,5,11,11,654.545,1043.2615032411827
"nvo228e","NVO-228E","Assault Rifle",100,"auto","remove",0.84,17.13,14.389199999999999,14.389199999999999,6,6,12,12,654.545,1161.4460335653011
"nvo228e","NVO-228E","Assault Rifle",120,"auto","remove",0.84,17.13,14.389199999999999,14.389199999999999,6,6,12,12,654.545,1199.0397335653013
"nvo228e","NVO-228E","Assault Rifle",150,"auto","remove",0.84,17.13,14.389199999999999,14.389199999999999,6,6,12,12,654.545,1260.6025203680383
"nvo228e","NVO-228E","Assault Rifle",200,"auto","remove",0.84,17.13,14.389199999999999,14.389199999999999,6,6,12,12,654.545,1378.7223335653011
"nvo228e","NVO-228E","Assault Rifle",250,"auto","remove",0.84,17.13,14.389199999999999,14.389199999999999,6,6,12,12,654.545,1519.4320335653013
"nvo228e","NVO-228E","Assault Rifle",300,"auto","remove",0.84,17.13,14.389199999999999,14.389199999999999,6,6,12,12,654.545,1687.0520335653011
"l85a3","L85A3","Assault Rifle",1,"auto","remove",0.84,26.05,17.3628,17.3628,5,5,9,9,635.294,756.586295473277
"l85a3","L85A3","Assault Rifle",5,"auto","remove",0.84,26.05,17.3628,17.3628,5,5,9,9,635.294,760.744995473277
"l85a3","L85A3","Assault Rifle",9,"auto","remove",0.84,26.05,17.3628,17.3628,5,5,9,9,635.294,764.962295473277
"l85a3","L85A3","Assault Rifle",10,"auto","remove",0.84,26.05,17.3628,17.3628,5,5,9,9,635.294,766.0258954732769
"l85a3","L85A3","Assault Rifle",11,"auto","remove",0.84,26.05,17.3628,17.3628,5,5,9,9,635.294,767.093195473277
"l85a3","L85A3","Assault Rifle",20,"auto","remove",0.84,26.05,17.3628,17.3628,5,5,9,9,635.294,776.8690938431231
"l85a3","L85A3","Assault Rifle",21,"auto","remove",0.84,26.05,17.3628,17.3628,5,5,9,9,635.294,777.9743954732769
"l85a3","L85A3","Assault Rifle",25,"auto","remove",0.84,20.67,17.3628,17.3628,5,5,10,10,635.294,876.8791299068346
"l85a3","L85A3","Assault Rifle",30,"auto","remove",0.84,20.67,17.3628,17.3628,5,5,10,10,635.294,882.5429574074367
"l85a3","L85A3","Assault Rifle",31,"auto","remove",0.84,20.67,17.3628,17.3628,5,5,10,10,635.294,883.6876574074366
"l85a3","L85A3","Assault Rifle",35,"auto","remove",0.84,20.67,17.3628,17.3628,5,5,10,10,635.294,888.3067574074366
"l85a3","L85A3","Assault Rifle",36,"auto","remove",0.84,20.67,17.3628,17.3628,5,5,10,10,635.294,889.4716574074366
"l85a3","L85A3","Assault Rifle",37,"auto","remove",0.84,20.67,17.3628,17.3628,5,5,10,10,635.294,890.6406574074366
"l85a3","L85A3","Assault Rifle",50,"auto","remove",0.84,20.67,17.3628,17.3628,5,5,10,10,635.294,906.2159574074367
"l85a3","L85A3","Assault Rifle",60,"auto","remove",0.84,20.67,17.3628,17.3628,5,5,10,10,635.294,918.6885574074366
"l85a3","L85A3","Assault Rifle",74,"auto","remove",0.84,20.67,17.3628,17.3628,5,5,10,10,635.294,936.9001574074366
"l85a3","L85A3","Assault Rifle",75,"auto","remove",0.84,20.67,17.3628,17.3628,5,5,10,10,635.294,938.2354508138126
"l85a3","L85A3","Assault Rifle",76,"auto","remove",0.84,17.13,17.3628,17.3628,5,5,11,11,635.294,1034.0198864453375
"l85a3","L85A3","Assault Rifle",83,"auto","remove",0.84,17.13,17.3628,17.3628,5,5,11,11,635.294,1043.532176323009
"l85a3","L85A3","Assault Rifle",85,"auto","remove",0.84,17.13,17.3628,17.3628,5,5,11,11,635.294,1046.2930193415962
"l85a3","L85A3","Assault Rifle",100,"auto","remove",0.84,17.13,14.389199999999999,14.389199999999999,6,6,12,12,635.294,1162.071781275756
"l85a3","L85A3","Assault Rifle",120,"auto","remove",0.84,17.13,14.389199999999999,14.389199999999999,6,6,12,12,635.294,1192.316934191286
"l85a3","L85A3","Assault Rifle",150,"auto","remove",0.84,17.13,14.389199999999999,14.389199999999999,6,6,12,12,635.294,1241.8457812757558
"l85a3","L85A3","Assault Rifle",200,"auto","remove",0.84,17.13,14.389199999999999,14.389199999999999,6,6,12,12,635.294,1336.8763812757559
"l85a3","L85A3","Assault Rifle",250,"auto","remove",0.84,17.13,14.389199999999999,14.389199999999999,6,6,12,12,635.294,1450.0810812757559
"l85a3","L85A3","Assault Rifle",300,"auto","remove",0.84,17.13,14.389199999999999,14.389199999999999,6,6,12,12,635.294,1584.935881275756
"vcr2","VCR-2","Assault Rifle",1,"auto","remove",0.84,26.05,17.3628,17.3628,5,5,9,9,899.999,534.5481259265844
"vcr2","VCR-2","Assault Rifle",5,"auto","remove",0.84,26.05,17.3628,17.3628,5,5,9,9,899.999,539.4478259265843
"vcr2","VCR-2","Assault Rifle",9,"auto","remove",0.84,26.05,17.3628,17.3628,5,5,9,9,899.999,544.4166259265844
"vcr2","VCR-2","Assault Rifle",10,"auto","remove",0.84,26.05,17.3628,17.3628,5,5,9,9,899.999,545.6697259265843
"vcr2","VCR-2","Assault Rifle",11,"auto","remove",0.84,26.05,17.3628,17.3628,5,5,9,9,899.999,546.9272259265844
"vcr2","VCR-2","Assault Rifle",20,"auto","remove",0.84,26.05,17.3628,17.3628,5,5,9,9,899.999,558.444984369603
"vcr2","VCR-2","Assault Rifle",21,"auto","remove",0.84,26.05,17.3628,17.3628,5,5,9,9,899.999,559.7472259265844
"vcr2","VCR-2","Assault Rifle",25,"auto","remove",0.84,20.67,17.3628,17.3628,5,5,10,10,899.999,631.6689666674074
"vcr2","VCR-2","Assault Rifle",30,"auto","remove",0.84,20.67,17.3628,17.3628,5,5,10,10,899.999,638.3419666674074
"vcr2","VCR-2","Assault Rifle",31,"auto","remove",0.84,20.67,17.3628,17.3628,5,5,10,10,899.999,639.6906666674074
"vcr2","VCR-2","Assault Rifle",35,"auto","remove",0.84,20.67,17.3628,17.3628,5,5,10,10,899.999,645.1328294636016
"vcr2","VCR-2","Assault Rifle",36,"auto","remove",0.84,20.67,17.3628,17.3628,5,5,10,10,899.999,646.5052666674073
"vcr2","VCR-2","Assault Rifle",37,"auto","remove",0.84,20.67,17.3628,17.3628,5,5,10,10,899.999,647.8825666674073
"vcr2","VCR-2","Assault Rifle",50,"auto","remove",0.84,20.67,17.3628,17.3628,5,5,10,10,899.999,666.2331226370552
"vcr2","VCR-2","Assault Rifle",60,"auto","remove",0.84,20.67,17.3628,17.3628,5,5,10,10,899.999,680.9281333190934
"vcr2","VCR-2","Assault Rifle",74,"auto","remove",0.84,20.67,17.3628,17.3628,5,5,10,10,899.999,702.3846666674074
"vcr2","VCR-2","Assault Rifle",75,"auto","remove",0.84,20.67,17.3628,17.3628,5,5,10,10,899.999,703.9578666674074
"vcr2","VCR-2","Assault Rifle",76,"auto","remove",0.84,17.13,17.3628,17.3628,5,5,11,11,899.999,772.2033584686384
"vcr2","VCR-2","Assault Rifle",83,"auto","remove",0.84,17.13,17.3628,17.3628,5,5,11,11,899.999,783.4105654517859
"vcr2","VCR-2","Assault Rifle",85,"auto","remove",0.84,17.13,17.3628,17.3628,5,5,11,11,899.999,786.6633815563778
"vcr2","VCR-2","Assault Rifle",100,"auto","remove",0.84,17.13,14.389199999999999,14.389199999999999,6,6,12,12,899.999,878.4657481490535
"vcr2","VCR-2","Assault Rifle",120,"auto","remove",0.84,17.13,14.389199999999999,14.389199999999999,6,6,12,12,899.999,914.1000481490535
"vcr2","VCR-2","Assault Rifle",150,"auto","remove",0.84,17.13,14.389199999999999,14.389199999999999,6,6,12,12,899.999,972.4540481490535
"vcr2","VCR-2","Assault Rifle",200,"auto","remove",0.84,17.13,14.389199999999999,14.389199999999999,6,6,12,12,899.999,1084.4173481490534
"vcr2","VCR-2","Assault Rifle",250,"auto","remove",0.84,17.13,14.389199999999999,14.389199999999999,6,6,12,12,899.999,1217.7931481490534
"vcr2","VCR-2","Assault Rifle",300,"auto","remove",0.84,17.13,14.389199999999999,14.389199999999999,6,6,12,12,899.999,1376.6765481490534
"m16a4","M16A4","Assault Rifle",1,"burst","remove",0.84,26.05,21.882,21.882,4,4,8,8,771.428,612.2920709210566
"m16a4","M16A4","Assault Rifle",5,"burst","remove",0.84,26.05,21.882,21.882,4,4,8,8,771.428,617.047664197921
"m16a4","M16A4","Assault Rifle",9,"burst","remove",0.84,26.05,21.882,21.882,4,4,8,8,771.428,621.8703040113273
"m16a4","M16A4","Assault Rifle",10,"burst","remove",0.84,26.05,21.882,21.882,4,4,8,8,771.428,623.0865504664458
"m16a4","M16A4","Assault Rifle",11,"burst","remove",0.84,26.05,21.882,21.882,4,4,8,8,771.428,624.3070612423654
"m16a4","M16A4","Assault Rifle",20,"burst","remove",0.84,26.05,21.882,21.882,4,4,8,8,771.428,635.4860370058049
"m16a4","M16A4","Assault Rifle",21,"burst","remove",0.84,26.05,21.882,21.882,4,4,8,8,771.428,636.7500220201496
"m16a4","M16A4","Assault Rifle",25,"burst","remove",0.84,20.67,21.882,21.882,4,4,9,9,771.428,719.6282701072934
"m16a4","M16A4","Assault Rifle",30,"burst","remove",0.84,20.67,21.882,21.882,4,4,9,9,771.428,726.10502503595
"m16a4","M16A4","Assault Rifle",31,"burst","remove",0.84,20.67,21.882,21.882,4,4,9,9,771.428,727.4140328284327
"m16a4","M16A4","Assault Rifle",35,"auto","remove",0.84,20.67,17.3628,17.3628,5,5,10,10,771.428,743.8052185189026
"m16a4","M16A4","Assault Rifle",36,"auto","remove",0.84,20.67,17.3628,17.3628,5,5,10,10,771.428,745.1373818073143
"m16a4","M16A4","Assault Rifle",37,"auto","remove",0.84,20.67,17.3628,17.3628,5,5,10,10,771.428,746.474169430763
"m16a4","M16A4","Assault Rifle",50,"auto","remove",0.84,20.67,17.3628,17.3628,5,5,10,10,771.428,764.2849185189026
"m16a4","M16A4","Assault Rifle",60,"auto","remove",0.84,20.67,17.3628,17.3628,5,5,10,10,771.428,778.5477185189026
"m16a4","M16A4","Assault Rifle",74,"auto","remove",0.84,20.67,17.3628,17.3628,5,5,10,10,771.428,799.3732185189026
"m16a4","M16A4","Assault Rifle",75,"auto","remove",0.84,20.67,17.3628,17.3628,5,5,10,10,771.428,800.900171684782
"m16a4","M16A4","Assault Rifle",76,"auto","remove",0.84,17.13,17.3628,17.3628,5,5,11,11,771.428,880.2103064096995
"m16a4","M16A4","Assault Rifle",83,"auto","remove",0.84,17.13,17.3628,17.3628,5,5,11,11,771.428,891.0878539098917
"m16a4","M16A4","Assault Rifle",85,"auto","remove",0.84,17.13,17.3628,17.3628,5,5,11,11,771.428,894.2450347007406
"m16a4","M16A4","Assault Rifle",100,"auto","remove",0.84,17.13,14.389199999999999,14.389199999999999,6,6,12,12,771.428,996.419189300881
"m16a4","M16A4","Assault Rifle",120,"auto","remove",0.84,17.13,14.389199999999999,14.389199999999999,6,6,12,12,771.428,1031.0054516936991
"m16a4","M16A4","Assault Rifle",150,"auto","remove",0.84,17.13,14.389199999999999,14.389199999999999,6,6,12,12,771.428,1087.643189300881
"m16a4","M16A4","Assault Rifle",200,"auto","remove",0.84,17.13,14.389199999999999,14.389199999999999,6,6,12,12,771.428,1196.313389300881
"m16a4","M16A4","Assault Rifle",250,"auto","remove",0.84,17.13,14.389199999999999,14.389199999999999,6,6,12,12,771.428,1325.766389300881
"m16a4","M16A4","Assault Rifle",300,"auto","remove",0.84,17.13,14.389199999999999,14.389199999999999,6,6,12,12,771.428,1479.976689300881
"ef88","EF88","Assault Rifle",1,"auto","remove",0.84,26.05,17.3628,17.3628,5,5,9,9,675,712.2180111111111
"ef88","EF88","Assault Rifle",5,"auto","remove",0.84,26.05,17.3628,17.3628,5,5,9,9,675,716.6845987672316
"ef88","EF88","Assault Rifle",9,"auto","remove",0.84,26.05,17.3628,17.3628,5,5,9,9,675,721.214111111111
"ef88","EF88","Assault Rifle",10,"auto","remove",0.84,26.05,17.3628,17.3628,5,5,9,9,675,722.3564808978904
"ef88","EF88","Assault Rifle",11,"auto","remove",0.84,26.05,17.3628,17.3628,5,5,9,9,675,723.5028111111111
"ef88","EF88","Assault Rifle",20,"auto","remove",0.84,26.05,17.3628,17.3628,5,5,9,9,675,734.0024074818188
"ef88","EF88","Assault Rifle",21,"auto","remove",0.84,26.05,17.3628,17.3628,5,5,9,9,675,735.1895757273358
"ef88","EF88","Assault Rifle",25,"auto","remove",0.84,20.67,17.3628,17.3628,5,5,10,10,675,828.8689
"ef88","EF88","Assault Rifle",30,"auto","remove",0.84,20.67,17.3628,17.3628,5,5,10,10,675,834.952
"ef88","EF88","Assault Rifle",31,"auto","remove",0.84,20.67,17.3628,17.3628,5,5,10,10,675,836.1815
"ef88","EF88","Assault Rifle",35,"auto","remove",0.84,20.67,17.3628,17.3628,5,5,10,10,675,841.142579344597
"ef88","EF88","Assault Rifle",36,"auto","remove",0.84,20.67,17.3628,17.3628,5,5,10,10,675,842.3937
"ef88","EF88","Assault Rifle",37,"auto","remove",0.84,20.67,17.3628,17.3628,5,5,10,10,675,843.6492853868302
"ef88","EF88","Assault Rifle",50,"auto","remove",0.84,20.67,17.3628,17.3628,5,5,10,10,675,860.3776532319994
"ef88","EF88","Assault Rifle",60,"auto","remove",0.84,20.67,17.3628,17.3628,5,5,10,10,675,873.7736574449071
"ef88","EF88","Assault Rifle",74,"auto","remove",0.84,20.67,17.3628,17.3628,5,5,10,10,675,893.3334821872292
"ef88","EF88","Assault Rifle",75,"auto","remove",0.84,20.67,17.3628,17.3628,5,5,10,10,675,894.7676
"ef88","EF88","Assault Rifle",76,"auto","remove",0.84,17.13,17.3628,17.3628,5,5,11,11,675,985.095688888889
"ef88","EF88","Assault Rifle",83,"auto","remove",0.84,17.13,17.3628,17.3628,5,5,11,11,675,995.312188888889
"ef88","EF88","Assault Rifle",85,"auto","remove",0.84,17.13,17.3628,17.3628,5,5,11,11,675,998.2774841068133
"ef88","EF88","Assault Rifle",100,"auto","remove",0.84,17.13,14.389199999999999,14.389199999999999,6,6,12,12,675,1110.080077777778
"ef88","EF88","Assault Rifle",120,"auto","remove",0.84,17.13,14.389199999999999,14.389199999999999,6,6,12,12,675,1142.5643777777777
"ef88","EF88","Assault Rifle",150,"auto","remove",0.84,17.13,14.389199999999999,14.389199999999999,6,6,12,12,675,1195.7600503520766
"ef88","EF88","Assault Rifle",200,"auto","remove",0.84,17.13,14.389199999999999,14.389199999999999,6,6,12,12,675,1297.8259777777778
"ef88","EF88","Assault Rifle",250,"auto","remove",0.84,17.13,14.389199999999999,14.389199999999999,6,6,12,12,675,1419.4116777777779
"ef88","EF88","Assault Rifle",300,"auto","remove",0.84,17.13,14.389199999999999,14.389199999999999,6,6,12,12,675,1564.2500777777777
"m4a1","M4A1","Carbine",1,"auto","remove",0.84,26.05,18.1104,18.1104,5,5,9,9,899.999,534.6931259265843
"m4a1","M4A1","Carbine",5,"auto","remove",0.84,26.05,18.1104,18.1104,5,5,9,9,899.999,540.1778965219563
"m4a1","M4A1","Carbine",9,"auto","remove",0.84,26.05,18.1104,18.1104,5,5,9,9,899.999,545.7399259265843
"m4a1","M4A1","Carbine",10,"auto","remove",0.84,21.56,18.1104,18.1104,5,5,10,10,899.999,613.8094314666411
"m4a1","M4A1","Carbine",11,"auto","remove",0.84,21.56,18.1104,18.1104,5,5,10,10,899.999,615.2170666674074
"m4a1","M4A1","Carbine",20,"auto","remove",0.84,21.56,18.1104,18.1104,5,5,10,10,899.999,628.1100604469059
"m4a1","M4A1","Carbine",21,"auto","remove",0.84,21.56,18.1104,18.1104,5,5,10,10,899.999,629.5678450631785
"m4a1","M4A1","Carbine",25,"auto","remove",0.84,17.74,18.1104,18.1104,5,5,11,11,899.999,702.1170074082305
"m4a1","M4A1","Carbine",30,"auto","remove",0.84,17.74,18.1104,18.1104,5,5,11,11,899.999,709.5868074082305
"m4a1","M4A1","Carbine",31,"auto","remove",0.84,17.74,18.1104,18.1104,5,5,11,11,899.999,711.0965074082304
"m4a1","M4A1","Carbine",35,"auto","remove",0.84,17.74,14.901599999999998,14.901599999999998,6,6,12,12,899.999,783.8552259059874
"m4a1","M4A1","Carbine",36,"auto","remove",0.84,17.74,14.901599999999998,14.901599999999998,6,6,12,12,899.999,785.3915481490535
"m4a1","M4A1","Carbine",37,"auto","remove",0.84,17.13,14.901599999999998,14.901599999999998,6,6,12,12,899.999,786.9333384815926
"m4a1","M4A1","Carbine",50,"auto","remove",0.84,17.13,14.389199999999999,14.389199999999999,6,6,12,12,899.999,807.4749481490535
"m4a1","M4A1","Carbine",60,"auto","remove",0.84,17.13,14.389199999999999,14.389199999999999,6,6,12,12,899.999,823.9245481490535
"m4a1","M4A1","Carbine",74,"auto","remove",0.84,17.13,14.389199999999999,14.389199999999999,6,6,12,12,899.999,847.9431052446333
"m4a1","M4A1","Carbine",75,"auto","remove",0.84,17.13,14.389199999999999,14.389199999999999,6,6,12,12,899.999,849.7041481490535
"m4a1","M4A1","Carbine",76,"auto","remove",0.84,14.62,14.389199999999999,14.389199999999999,6,6,13,13,899.999,918.1381475395868
"m4a1","M4A1","Carbine",83,"auto","remove",0.84,14.62,14.389199999999999,14.389199999999999,6,6,13,13,899.999,930.6834888898765
"m4a1","M4A1","Carbine",85,"auto","remove",0.84,14.62,14.389199999999999,14.389199999999999,6,6,13,13,899.999,934.3247405482504
"m4a1","M4A1","Carbine",100,"auto","remove",0.84,14.62,12.2808,12.2808,7,7,14,14,899.999,1029.1283966759631
"m4a1","M4A1","Carbine",120,"auto","remove",0.84,14.62,12.2808,12.2808,7,7,14,14,899.999,1069.0175251990786
"m4a1","M4A1","Carbine",150,"auto","remove",0.84,14.62,12.2808,12.2808,7,7,14,14,899.999,1134.339212642559
"m4a1","M4A1","Carbine",200,"auto","remove",0.84,14.62,12.2808,12.2808,7,7,14,14,899.999,1259.6712296306996
"m4a1","M4A1","Carbine",250,"auto","remove",0.84,14.62,12.2808,12.2808,7,7,14,14,899.999,1408.9724296306995
"m4a1","M4A1","Carbine",300,"auto","remove",0.84,14.62,12.2808,12.2808,7,7,14,14,899.999,1586.8270296306996
"m277","M277","Carbine",1,"auto","remove",0.84,26.05,17.3628,17.3628,5,5,9,9,719.999,668.0212925938786
"m277","M277","Carbine",5,"auto","remove",0.84,26.05,17.3628,17.3628,5,5,9,9,719.999,673.4837925938785
"m277","M277","Carbine",9,"auto","remove",0.84,26.05,17.3628,17.3628,5,5,9,9,719.999,679.0232925938785
"m277","M277","Carbine",10,"auto","remove",0.84,26.05,17.3628,17.3628,5,5,9,9,719.999,680.4203759141965
"m277","M277","Carbine",11,"auto","remove",0.84,26.05,17.3628,17.3628,5,5,9,9,719.999,681.8222925938786
"m277","M277","Carbine",20,"auto","remove",0.84,26.05,17.3628,17.3628,5,5,9,9,719.999,694.6629925938786
"m277","M277","Carbine",21,"auto","remove",0.84,26.05,17.3628,17.3628,5,5,9,9,719.999,696.1148925938786
"m277","M277","Carbine",25,"auto","remove",0.84,26.05,17.3628,17.3628,5,5,9,9,719.999,701.9734862011958
"m277","M277","Carbine",30,"auto","remove",0.84,26.05,17.3628,17.3628,5,5,9,9,719.999,709.4129925938786
"m277","M277","Carbine",31,"auto","remove",0.84,26.05,17.3628,17.3628,5,5,9,9,719.999,710.9165920295316
"m277","M277","Carbine",35,"auto","remove",0.84,26.05,17.3628,17.3628,5,5,9,9,719.999,716.9838551707168
"m277","M277","Carbine",36,"auto","remove",0.84,26.05,17.3628,17.3628,5,5,9,9,719.999,718.5139896143515
"m277","M277","Carbine",37,"auto","remove",0.84,26.05,17.3628,17.3628,5,5,9,9,719.999,720.0494889115561
"m277","M277","Carbine",50,"auto","remove",0.84,26.05,17.3628,17.3628,5,5,9,9,719.999,740.5077925938785
"m277","M277","Carbine",60,"auto","remove",0.84,26.05,17.3628,17.3628,5,5,9,9,719.999,756.8907817663663
"m277","M277","Carbine",74,"auto","remove",0.84,26.05,17.3628,17.3628,5,5,9,9,719.999,780.8118925938786
"m277","M277","Carbine",75,"auto","remove",0.84,26.05,17.3628,17.3628,5,5,9,9,719.999,782.5658428519832
"m277","M277","Carbine",76,"auto","remove",0.84,20.67,17.3628,17.3628,5,5,10,10,719.999,867.6593416681135
"m277","M277","Carbine",83,"auto","remove",0.84,20.67,17.3628,17.3628,5,5,10,10,719.999,880.1538416681135
"m277","M277","Carbine",85,"auto","remove",0.84,20.67,17.3628,17.3628,5,5,10,10,719.999,883.7803371711155
"m277","M277","Carbine",100,"auto","remove",0.84,20.67,17.3628,17.3628,5,5,10,10,719.999,911.8031416681134
"m277","M277","Carbine",120,"auto","remove",0.84,20.67,17.3628,17.3628,5,5,10,10,719.999,951.530599822026
"m277","M277","Carbine",150,"auto","remove",0.84,20.67,17.3628,17.3628,5,5,10,10,719.999,1016.5874416681135
"m277","M277","Carbine",200,"auto","remove",0.84,20.67,17.3628,17.3628,5,5,10,10,719.999,1141.4113416681134
"m277","M277","Carbine",250,"auto","remove",0.84,20.67,17.3628,17.3628,5,5,10,10,719.999,1290.1073416681133
"m277","M277","Carbine",300,"auto","remove",0.84,20.67,17.3628,17.3628,5,5,10,10,719.999,1467.2408416681133
"ak205","AK-205","Carbine",1,"auto","remove",0.84,20.67,14.901599999999998,14.901599999999998,6,6,11,11,719.999,834.7493907423482
"ak205","AK-205","Carbine",5,"auto","remove",0.84,20.67,14.901599999999998,14.901599999999998,6,6,11,11,719.999,840.4587907423481
"ak205","AK-205","Carbine",9,"auto","remove",0.84,20.67,14.901599999999998,14.901599999999998,6,6,11,11,719.999,846.2486858979761
"ak205","AK-205","Carbine",10,"auto","remove",0.84,17.74,14.901599999999998,14.901599999999998,6,6,12,12,719.999,931.0423178632429
"ak205","AK-205","Carbine",11,"auto","remove",0.84,17.74,14.901599999999998,14.901599999999998,6,6,12,12,719.999,932.5076203484572
"ak205","AK-205","Carbine",20,"auto","remove",0.84,17.74,14.901599999999998,14.901599999999998,6,6,12,12,719.999,945.9287070701006
"ak205","AK-205","Carbine",21,"auto","remove",0.84,17.74,14.901599999999998,14.901599999999998,6,6,12,12,719.999,947.4462032031415
"ak205","AK-205","Carbine",25,"auto","remove",0.84,15.07,14.901599999999998,14.901599999999998,6,6,13,13,719.999,1036.9029888908178
"ak205","AK-205","Carbine",30,"auto","remove",0.84,15.07,14.901599999999998,14.901599999999998,6,6,13,13,719.999,1044.678788890818
"ak205","AK-205","Carbine",31,"auto","remove",0.84,15.07,14.901599999999998,14.901599999999998,6,6,13,13,719.999,1046.2503431032235
"ak205","AK-205","Carbine",35,"auto","remove",0.84,15.07,12.6588,12.6588,7,7,14,14,719.999,1135.9252379650527
"ak205","AK-205","Carbine",36,"auto","remove",0.84,15.07,12.6588,12.6588,7,7,14,14,719.999,1137.5245379650526
"ak205","AK-205","Carbine",37,"auto","remove",0.84,14.62,12.6588,12.6588,7,7,14,14,719.999,1139.1294379650526
"ak205","AK-205","Carbine",50,"auto","remove",0.84,14.62,12.2808,12.2808,7,7,14,14,719.999,1160.5124379650526
"ak205","AK-205","Carbine",60,"auto","remove",0.84,14.62,12.2808,12.2808,7,7,14,14,719.999,1177.635911393924
"ak205","AK-205","Carbine",74,"auto","remove",0.84,14.62,12.2808,12.2808,7,7,14,14,719.999,1202.638229743926
"ak205","AK-205","Carbine",75,"auto","remove",0.84,14.62,12.2808,12.2808,7,7,14,14,719.999,1204.471427217874
"ak205","AK-205","Carbine",76,"auto","remove",0.84,12.76,12.2808,12.2808,7,7,15,15,719.999,1289.6444870392875
"ak205","AK-205","Carbine",83,"auto","remove",0.84,12.76,12.2808,12.2808,7,7,15,15,719.999,1302.703746623939
"ak205","AK-205","Carbine",85,"auto","remove",0.84,12.76,12.2808,12.2808,7,7,15,15,719.999,1306.4940870392875
"ak205","AK-205","Carbine",100,"auto","remove",0.84,12.76,10.718399999999999,10.718399999999999,8,8,16,16,719.999,1419.1169361135223
"ak205","AK-205","Carbine",120,"auto","remove",0.84,12.76,10.718399999999999,10.718399999999999,8,8,16,16,719.999,1460.6399361135225
"ak205","AK-205","Carbine",150,"auto","remove",0.84,12.76,10.718399999999999,10.718399999999999,8,8,16,16,719.999,1528.6372361135222
"ak205","AK-205","Carbine",200,"auto","remove",0.84,12.76,10.718399999999999,10.718399999999999,8,8,16,16,719.999,1659.1029361135224
"ak205","AK-205","Carbine",250,"auto","remove",0.84,12.76,10.718399999999999,10.718399999999999,8,8,16,16,719.999,1814.5196361135224
"ak205","AK-205","Carbine",300,"auto","remove",0.84,12.76,10.718399999999999,10.718399999999999,8,8,16,16,719.999,1999.6591361135224
"m417a2","M417 A2","Carbine",1,"auto","remove",0.84,35.22,23.083199999999998,23.083199999999998,4,4,7,7,654.545,551.4314562925017
"m417a2","M417 A2","Carbine",5,"auto","remove",0.84,35.22,23.083199999999998,23.083199999999998,4,4,7,7,654.545,557.2060819447097
"m417a2","M417 A2","Carbine",9,"auto","remove",0.84,35.22,23.083199999999998,23.083199999999998,4,4,7,7,654.545,563.0621679021162
"m417a2","M417 A2","Carbine",10,"auto","remove",0.84,27.48,23.083199999999998,23.083199999999998,4,4,8,8,654.545,656.2057689217354
"m417a2","M417 A2","Carbine",11,"auto","remove",0.84,27.48,23.083199999999998,23.083199999999998,4,4,8,8,654.545,657.687812268828
"m417a2","M417 A2","Carbine",20,"auto","remove",0.84,27.48,23.083199999999998,23.083199999999998,4,4,8,8,654.545,671.2622882909571
"m417a2","M417 A2","Carbine",21,"auto","remove",0.84,27.48,23.083199999999998,23.083199999999998,4,4,8,8,654.545,672.797112268828
"m417a2","M417 A2","Carbine",25,"auto","remove",0.84,21.56,23.083199999999998,23.083199999999998,4,4,9,9,654.545,770.6572158349675
"m417a2","M417 A2","Carbine",30,"auto","remove",0.84,21.56,23.083199999999998,23.083199999999998,4,4,9,9,654.545,778.5218425929463
"m417a2","M417 A2","Carbine",31,"auto","remove",0.84,21.56,23.083199999999998,23.083199999999998,4,4,9,9,654.545,780.1113425929464
"m417a2","M417 A2","Carbine",35,"auto","remove",0.84,21.56,18.1104,18.1104,5,5,10,10,654.545,878.1920504982936
"m417a2","M417 A2","Carbine",36,"auto","remove",0.84,21.56,18.1104,18.1104,5,5,10,10,654.545,879.8095729170645
"m417a2","M417 A2","Carbine",37,"auto","remove",0.84,20.67,18.1104,18.1104,5,5,10,10,654.545,881.432863310038
"m417a2","M417 A2","Carbine",50,"auto","remove",0.84,20.67,17.3628,17.3628,5,5,10,10,654.545,903.0602531670066
"m417a2","M417 A2","Carbine",60,"auto","remove",0.84,20.67,17.3628,17.3628,5,5,10,10,654.545,920.3793728994087
"m417a2","M417 A2","Carbine",74,"auto","remove",0.84,20.67,17.3628,17.3628,5,5,10,10,654.545,945.6674320305536
"m417a2","M417 A2","Carbine",75,"auto","remove",0.84,20.67,17.3628,17.3628,5,5,10,10,654.545,947.5215729170645
"m417a2","M417 A2","Carbine",76,"auto","remove",0.84,17.13,17.3628,17.3628,5,5,11,11,654.545,1041.0489598480922
"m417a2","M417 A2","Carbine",83,"auto","remove",0.84,17.13,17.3628,17.3628,5,5,11,11,654.545,1054.2574537925161
"m417a2","M417 A2","Carbine",85,"auto","remove",0.84,17.13,17.3628,17.3628,5,5,11,11,654.545,1058.0911032411827
"m417a2","M417 A2","Carbine",100,"auto","remove",0.84,17.13,14.389199999999999,14.389199999999999,6,6,12,12,654.545,1179.3820125829573
"m417a2","M417 A2","Carbine",120,"auto","remove",0.84,17.13,14.389199999999999,14.389199999999999,6,6,12,12,654.545,1221.3795335653012
"m417a2","M417 A2","Carbine",150,"auto","remove",0.84,17.13,14.389199999999999,14.389199999999999,6,6,12,12,654.545,1290.1539335653013
"m417a2","M417 A2","Carbine",200,"auto","remove",0.84,17.13,14.389199999999999,14.389199999999999,6,6,12,12,654.545,1422.1106335653012
"m417a2","M417 A2","Carbine",250,"auto","remove",0.84,17.13,14.389199999999999,14.389199999999999,6,6,12,12,654.545,1579.3035335653012
"m417a2","M417 A2","Carbine",300,"auto","remove",0.84,17.13,14.389199999999999,14.389199999999999,6,6,12,12,654.545,1766.5589335653012
"grtbc","GRT-BC","Carbine",1,"auto","remove",0.84,26.05,18.1104,18.1104,5,5,9,9,830.769,579.2029056165348
"grtbc","GRT-BC","Carbine",5,"auto","remove",0.84,26.05,18.1104,18.1104,5,5,9,9,830.769,584.9529117123168
"grtbc","GRT-BC","Carbine",9,"auto","remove",0.84,26.05,18.1104,18.1104,5,5,9,9,830.769,590.7839382716495
"grtbc","GRT-BC","Carbine",10,"auto","remove",0.84,21.56,18.1104,18.1104,5,5,10,10,830.769,664.4767805556056
"grtbc","GRT-BC","Carbine",11,"auto","remove",0.84,21.56,18.1104,18.1104,5,5,10,10,830.769,665.9524805556057
"grtbc","GRT-BC","Carbine",20,"auto","remove",0.84,21.56,18.1104,18.1104,5,5,10,10,830.769,679.4690613742265
"grtbc","GRT-BC","Carbine",21,"auto","remove",0.84,21.56,18.1104,18.1104,5,5,10,10,830.769,680.997350509636
"grtbc","GRT-BC","Carbine",25,"auto","remove",0.84,17.74,18.1104,18.1104,5,5,11,11,830.769,759.3865213735801
"grtbc","GRT-BC","Carbine",30,"auto","remove",0.84,17.74,18.1104,18.1104,5,5,11,11,830.769,767.21759063298
"grtbc","GRT-BC","Carbine",31,"auto","remove",0.84,17.74,18.1104,18.1104,5,5,11,11,830.769,768.8003169823545
"grtbc","GRT-BC","Carbine",35,"auto","remove",0.84,17.74,14.901599999999998,14.901599999999998,6,6,12,12,830.769,847.4091520465057
"grtbc","GRT-BC","Carbine",36,"auto","remove",0.84,17.74,14.901599999999998,14.901599999999998,6,6,12,12,830.769,849.0198198819107
"grtbc","GRT-BC","Carbine",37,"auto","remove",0.84,17.13,14.901599999999998,14.901599999999998,6,6,12,12,830.769,850.6361349315997
"grtbc","GRT-BC","Carbine",50,"auto","remove",0.84,17.13,14.389199999999999,14.389199999999999,6,6,12,12,830.769,872.171231517486
"grtbc","GRT-BC","Carbine",60,"auto","remove",0.84,17.13,14.389199999999999,14.389199999999999,6,6,12,12,830.769,889.416443199821
"grtbc","GRT-BC","Carbine",74,"auto","remove",0.84,17.13,14.389199999999999,14.389199999999999,6,6,12,12,830.769,914.5965651235181
"grtbc","GRT-BC","Carbine",75,"auto","remove",0.84,17.13,14.389199999999999,14.389199999999999,6,6,12,12,830.769,916.442823289944
"grtbc","GRT-BC","Carbine",76,"auto","remove",0.84,14.62,14.389199999999999,14.389199999999999,6,6,13,13,830.769,990.5177745836286
"grtbc","GRT-BC","Carbine",83,"auto","remove",0.84,14.62,14.389199999999999,14.389199999999999,6,6,13,13,830.769,1003.6699022665543
"grtbc","GRT-BC","Carbine",85,"auto","remove",0.84,14.62,14.389199999999999,14.389199999999999,6,6,13,13,830.769,1007.4872074074742
"grtbc","GRT-BC","Carbine",100,"auto","remove",0.84,14.62,12.2808,12.2808,7,7,14,14,830.769,1109.2071496914305
"grtbc","GRT-BC","Carbine",120,"auto","remove",0.84,14.62,12.2808,12.2808,7,7,14,14,830.769,1151.0255266955492
"grtbc","GRT-BC","Carbine",150,"auto","remove",0.84,14.62,12.2808,12.2808,7,7,14,14,830.769,1219.506442265741
"grtbc","GRT-BC","Carbine",200,"auto","remove",0.84,14.62,12.2808,12.2808,7,7,14,14,830.769,1350.9000496914305
"grtbc","GRT-BC","Carbine",250,"auto","remove",0.84,14.62,12.2808,12.2808,7,7,14,14,830.769,1507.4220496914304
"grtbc","GRT-BC","Carbine",300,"auto","remove",0.84,14.62,12.2808,12.2808,7,7,14,14,830.769,1693.8784496914304
"qbz192","QBZ-192","Carbine",1,"auto","remove",0.84,26.05,18.1104,18.1104,5,5,9,9,771.428,623.5407779219323
"qbz192","QBZ-192","Carbine",5,"auto","remove",0.84,26.05,18.1104,18.1104,5,5,9,9,771.428,628.8595335605307
"qbz192","QBZ-192","Carbine",9,"auto","remove",0.84,26.05,18.1104,18.1104,5,5,9,9,771.428,634.2532754571037
"qbz192","QBZ-192","Carbine",10,"auto","remove",0.84,21.56,18.1104,18.1104,5,5,10,10,771.428,713.3913864886857
"qbz192","QBZ-192","Carbine",11,"auto","remove",0.84,21.56,18.1104,18.1104,5,5,10,10,771.428,714.7564185189026
"qbz192","QBZ-192","Carbine",20,"auto","remove",0.84,21.56,18.1104,18.1104,5,5,10,10,771.428,727.2592185189026
"qbz192","QBZ-192","Carbine",21,"auto","remove",0.84,21.56,18.1104,18.1104,5,5,10,10,771.428,728.6729007263807
"qbz192","QBZ-192","Carbine",25,"auto","remove",0.84,17.74,18.1104,18.1104,5,5,11,11,771.428,812.1551450538585
"qbz192","QBZ-192","Carbine",30,"auto","remove",0.84,17.74,18.1104,18.1104,5,5,11,11,771.428,819.3988539098917
"qbz192","QBZ-192","Carbine",31,"auto","remove",0.84,17.74,18.1104,18.1104,5,5,11,11,771.428,820.8629059919749
"qbz192","QBZ-192","Carbine",35,"auto","remove",0.84,17.74,14.901599999999998,14.901599999999998,6,6,12,12,771.428,904.5483397046445
"qbz192","QBZ-192","Carbine",36,"auto","remove",0.84,17.74,14.901599999999998,14.901599999999998,6,6,12,12,771.428,906.038189300881
"qbz192","QBZ-192","Carbine",37,"auto","remove",0.84,17.13,14.901599999999998,14.901599999999998,6,6,12,12,771.428,907.5332893008809
"qbz192","QBZ-192","Carbine",50,"auto","remove",0.84,17.13,14.389199999999999,14.389199999999999,6,6,12,12,771.428,927.4532632153014
"qbz192","QBZ-192","Carbine",60,"auto","remove",0.84,17.13,14.389199999999999,14.389199999999999,6,6,12,12,771.428,943.4050840214611
"qbz192","QBZ-192","Carbine",74,"auto","remove",0.84,17.13,14.389199999999999,14.389199999999999,6,6,12,12,771.428,966.696689300881
"qbz192","QBZ-192","Carbine",75,"auto","remove",0.84,17.13,14.389199999999999,14.389199999999999,6,6,12,12,771.428,968.404485604825
"qbz192","QBZ-192","Carbine",76,"auto","remove",0.84,14.62,14.389199999999999,14.389199999999999,6,6,13,13,771.428,1047.896076829813
"qbz192","QBZ-192","Carbine",83,"auto","remove",0.84,14.62,14.389199999999999,14.389199999999999,6,6,13,13,771.428,1060.0617949365192
"qbz192","QBZ-192","Carbine",85,"auto","remove",0.84,14.62,14.389199999999999,14.389199999999999,6,6,13,13,771.428,1063.5928124184775
"qbz192","QBZ-192","Carbine",100,"auto","remove",0.84,14.62,12.2808,12.2808,7,7,14,14,771.428,1168.656051283332
"qbz192","QBZ-192","Carbine",120,"auto","remove",0.84,14.62,12.2808,12.2808,7,7,14,14,771.428,1207.3379600828594
"qbz192","QBZ-192","Carbine",150,"auto","remove",0.84,14.62,12.2808,12.2808,7,7,14,14,771.428,1270.6828557140968
"qbz192","QBZ-192","Carbine",200,"auto","remove",0.84,14.62,12.2808,12.2808,7,7,14,14,771.428,1392.2218600828594
"qbz192","QBZ-192","Carbine",250,"auto","remove",0.84,14.62,12.2808,12.2808,7,7,14,14,771.428,1537.0048600828595
"qbz192","QBZ-192","Carbine",300,"auto","remove",0.84,14.62,12.2808,12.2808,7,7,14,14,771.428,1709.4769600828595
"sg553r","SG 553R","Carbine",1,"auto","remove",0.84,35.22,23.083199999999998,23.083199999999998,4,4,7,7,719.999,501.66197478281254
"sg553r","SG 553R","Carbine",5,"auto","remove",0.84,35.22,23.083199999999998,23.083199999999998,4,4,7,7,719.999,508.36554739530794
"sg553r","SG 553R","Carbine",9,"auto","remove",0.84,35.22,23.083199999999998,23.083199999999998,4,4,7,7,719.999,515.163594445409
"sg553r","SG 553R","Carbine",10,"auto","remove",0.84,26.05,23.083199999999998,23.083199999999998,4,4,8,8,719.999,600.2115227187071
"sg553r","SG 553R","Carbine",11,"auto","remove",0.84,26.05,23.083199999999998,23.083199999999998,4,4,8,8,719.999,601.9319435196437
"sg553r","SG 553R","Carbine",20,"auto","remove",0.84,26.05,23.083199999999998,23.083199999999998,4,4,8,8,719.999,617.6900435196437
"sg553r","SG 553R","Carbine",21,"auto","remove",0.84,26.05,23.083199999999998,23.083199999999998,4,4,8,8,719.999,619.471806003364
"sg553r","SG 553R","Carbine",25,"auto","remove",0.84,20.67,23.083199999999998,23.083199999999998,4,4,9,9,719.999,709.9948915481319
"sg553r","SG 553R","Carbine",30,"auto","remove",0.84,20.67,23.083199999999998,23.083199999999998,4,4,9,9,719.999,719.124645593502
"sg553r","SG 553R","Carbine",31,"auto","remove",0.84,20.67,23.083199999999998,23.083199999999998,4,4,9,9,719.999,720.9698472910314
"sg553r","SG 553R","Carbine",35,"auto","remove",0.84,20.67,17.3628,17.3628,5,5,10,10,719.999,811.7490255932549
"sg553r","SG 553R","Carbine",36,"auto","remove",0.84,20.67,17.3628,17.3628,5,5,10,10,719.999,813.6268025224252
"sg553r","SG 553R","Carbine",37,"auto","remove",0.84,17.13,17.3628,17.3628,5,5,11,11,719.999,898.8445907423481
"sg553r","SG 553R","Carbine",50,"auto","remove",0.84,17.13,14.389199999999999,14.389199999999999,6,6,12,12,719.999,1007.284439816583
"sg553r","SG 553R","Carbine",60,"auto","remove",0.84,17.13,14.389199999999999,14.389199999999999,6,6,12,12,719.999,1027.3895981708797
"sg553r","SG 553R","Carbine",74,"auto","remove",0.84,17.13,14.389199999999999,14.389199999999999,6,6,12,12,719.999,1056.745539816583
"sg553r","SG 553R","Carbine",75,"auto","remove",0.84,17.13,14.389199999999999,14.389199999999999,6,6,12,12,719.999,1058.897939816583
"sg553r","SG 553R","Carbine",76,"auto","remove",0.84,14.62,14.389199999999999,14.389199999999999,6,6,13,13,719.999,1144.3913716849083
"sg553r","SG 553R","Carbine",83,"auto","remove",0.84,14.62,14.389199999999999,14.389199999999999,6,6,13,13,719.999,1159.7245888908178
"sg553r","SG 553R","Carbine",85,"auto","remove",0.84,14.62,14.389199999999999,14.389199999999999,6,6,13,13,719.999,1164.1749853621636
"sg553r","SG 553R","Carbine",100,"auto","remove",0.84,14.62,12.2808,12.2808,7,7,14,14,719.999,1281.8979976870414
"sg553r","SG 553R","Carbine",120,"auto","remove",0.84,14.62,12.2808,12.2808,7,7,14,14,719.999,1330.6513379650526
"sg553r","SG 553R","Carbine",150,"auto","remove",0.84,14.62,12.2808,12.2808,7,7,14,14,719.999,1410.4889949795474
"sg553r","SG 553R","Carbine",200,"auto","remove",0.84,14.62,12.2808,12.2808,7,7,14,14,719.999,1563.6725379650527
"sg553r","SG 553R","Carbine",250,"auto","remove",0.84,14.62,12.2808,12.2808,7,7,14,14,719.999,1746.1518379650527
"sg553r","SG 553R","Carbine",300,"auto","remove",0.84,14.62,12.2808,12.2808,7,7,14,14,719.999,1963.5296379650526
"sor300sc","SOR-300SC","Carbine",1,"auto","remove",0.84,35.22,21.882,21.882,4,4,7,7,599.999,601.5188000016666
"sor300sc","SOR-300SC","Carbine",5,"auto","remove",0.84,35.22,21.882,21.882,4,4,7,7,599.999,607.6434000016666
"sor300sc","SOR-300SC","Carbine",9,"auto","remove",0.84,35.22,21.882,21.882,4,4,7,7,599.999,613.8544000016666
"sor300sc","SOR-300SC","Carbine",10,"auto","remove",0.84,26.05,21.882,21.882,4,4,8,8,599.999,715.4209540277553
"sor300sc","SOR-300SC","Carbine",11,"auto","remove",0.84,26.05,21.882,21.882,4,4,8,8,599.999,716.9928239664397
"sor300sc","SOR-300SC","Carbine",20,"auto","remove",0.84,26.05,21.882,21.882,4,4,8,8,599.999,731.389966668611
"sor300sc","SOR-300SC","Carbine",21,"auto","remove",0.84,26.05,21.882,21.882,4,4,8,8,599.999,733.0178492105556
"sor300sc","SOR-300SC","Carbine",25,"auto","remove",0.84,20.67,21.882,21.882,4,4,9,9,599.999,839.5867291983052
"sor300sc","SOR-300SC","Carbine",30,"auto","remove",0.84,20.67,21.882,21.882,4,4,9,9,599.999,847.9280044852114
"sor300sc","SOR-300SC","Carbine",31,"auto","remove",0.84,20.67,21.882,21.882,4,4,9,9,599.999,849.6138333355555
"sor300sc","SOR-300SC","Carbine",35,"auto","remove",0.84,20.67,17.3628,17.3628,5,5,10,10,599.999,956.4167000025
"sor300sc","SOR-300SC","Carbine",36,"auto","remove",0.84,20.67,17.3628,17.3628,5,5,10,10,599.999,958.1323000025
"sor300sc","SOR-300SC","Carbine",37,"auto","remove",0.84,17.13,17.3628,17.3628,5,5,11,11,599.999,1059.8540666694444
"sor300sc","SOR-300SC","Carbine",50,"auto","remove",0.84,17.13,14.389199999999999,14.389199999999999,6,6,12,12,599.999,1182.7924032984488
"sor300sc","SOR-300SC","Carbine",60,"auto","remove",0.84,17.13,14.389199999999999,14.389199999999999,6,6,12,12,599.999,1201.161133336389
"sor300sc","SOR-300SC","Carbine",74,"auto","remove",0.84,17.13,14.389199999999999,14.389199999999999,6,6,12,12,599.999,1227.981833336389
"sor300sc","SOR-300SC","Carbine",75,"auto","remove",0.84,17.13,14.389199999999999,14.389199999999999,6,6,12,12,599.999,1229.948333336389
"sor300sc","SOR-300SC","Carbine",76,"auto","remove",0.84,14.62,14.389199999999999,14.389199999999999,6,6,13,13,599.999,1331.9219000033333
"sor300sc","SOR-300SC","Carbine",83,"auto","remove",0.84,14.62,14.389199999999999,14.389199999999999,6,6,13,13,599.999,1345.9309000033331
"sor300sc","SOR-300SC","Carbine",85,"auto","remove",0.84,14.62,14.389199999999999,14.389199999999999,6,6,13,13,599.999,1349.9969676885173
"sor300sc","SOR-300SC","Carbine",100,"auto","remove",0.84,14.62,12.2808,12.2808,7,7,14,14,599.999,1481.416666670278
"sor300sc","SOR-300SC","Carbine",120,"auto","remove",0.84,14.62,12.2808,12.2808,7,7,14,14,599.999,1525.9595500549676
"sor300sc","SOR-300SC","Carbine",150,"auto","remove",0.84,14.62,12.2808,12.2808,7,7,14,14,599.999,1598.9020666702777
"sor300sc","SOR-300SC","Carbine",200,"auto","remove",0.84,14.62,12.2808,12.2808,7,7,14,14,599.999,1738.8561666702778
"sor300sc","SOR-300SC","Carbine",250,"auto","remove",0.84,14.62,12.2808,12.2808,7,7,14,14,599.999,1905.5758666702777
"sor300sc","SOR-300SC","Carbine",300,"auto","remove",0.84,14.62,12.2808,12.2808,7,7,14,14,599.999,2104.1801666702777
"brod3","BROD 3","Carbine",1,"auto","remove",0.84,26.05,18.1104,18.1104,5,5,9,9,830.7692307692307,579.2027451226631
"brod3","BROD 3","Carbine",5,"auto","remove",0.84,26.05,18.1104,18.1104,5,5,9,9,830.7692307692307,584.9527512184451
"brod3","BROD 3","Carbine",9,"auto","remove",0.84,26.05,18.1104,18.1104,5,5,9,9,830.7692307692307,590.7837777777778
"brod3","BROD 3","Carbine",10,"auto","remove",0.84,21.56,18.1104,18.1104,5,5,10,10,830.7692307692307,664.4766
"brod3","BROD 3","Carbine",11,"auto","remove",0.84,21.56,18.1104,18.1104,5,5,10,10,830.7692307692307,665.9523
"brod3","BROD 3","Carbine",20,"auto","remove",0.84,21.56,18.1104,18.1104,5,5,10,10,830.7692307692307,679.4688808186208
"brod3","BROD 3","Carbine",21,"auto","remove",0.84,21.56,18.1104,18.1104,5,5,10,10,830.7692307692307,680.9971699540304
"brod3","BROD 3","Carbine",25,"auto","remove",0.84,17.74,18.1104,18.1104,5,5,11,11,830.7692307692307,759.3863207562405
"brod3","BROD 3","Carbine",30,"auto","remove",0.84,17.74,18.1104,18.1104,5,5,11,11,830.7692307692307,767.2173900156404
"brod3","BROD 3","Carbine",31,"auto","remove",0.84,17.74,18.1104,18.1104,5,5,11,11,830.7692307692307,768.8001163650149
"brod3","BROD 3","Carbine",35,"auto","remove",0.84,17.74,14.901599999999998,14.901599999999998,6,6,12,12,830.7692307692307,847.408931367432
"brod3","BROD 3","Carbine",36,"auto","remove",0.84,17.74,14.901599999999998,14.901599999999998,6,6,12,12,830.7692307692307,849.0195992028371
"brod3","BROD 3","Carbine",37,"auto","remove",0.84,17.13,14.901599999999998,14.901599999999998,6,6,12,12,830.7692307692307,850.635914252526
"brod3","BROD 3","Carbine",50,"auto","remove",0.84,17.13,14.389199999999999,14.389199999999999,6,6,12,12,830.7692307692307,872.1710108384124
"brod3","BROD 3","Carbine",60,"auto","remove",0.84,17.13,14.389199999999999,14.389199999999999,6,6,12,12,830.7692307692307,889.4162225207473
"brod3","BROD 3","Carbine",74,"auto","remove",0.84,17.13,14.389199999999999,14.389199999999999,6,6,12,12,830.7692307692307,914.5963444444444
"brod3","BROD 3","Carbine",75,"auto","remove",0.84,17.13,14.389199999999999,14.389199999999999,6,6,12,12,830.7692307692307,916.4426026108704
"brod3","BROD 3","Carbine",76,"auto","remove",0.84,14.62,14.389199999999999,14.389199999999999,6,6,13,13,830.7692307692307,990.5175338428212
"brod3","BROD 3","Carbine",83,"auto","remove",0.84,14.62,14.389199999999999,14.389199999999999,6,6,13,13,830.7692307692307,1003.6696615257468
"brod3","BROD 3","Carbine",85,"auto","remove",0.84,14.62,14.389199999999999,14.389199999999999,6,6,13,13,830.7692307692307,1007.4869666666667
"brod3","BROD 3","Carbine",100,"auto","remove",0.84,14.62,12.2808,12.2808,7,7,14,14,830.7692307692307,1109.206888888889
"brod3","BROD 3","Carbine",120,"auto","remove",0.84,14.62,12.2808,12.2808,7,7,14,14,830.7692307692307,1151.0252658930076
"brod3","BROD 3","Carbine",150,"auto","remove",0.84,14.62,12.2808,12.2808,7,7,14,14,830.7692307692307,1219.5061814631995
"brod3","BROD 3","Carbine",200,"auto","remove",0.84,14.62,12.2808,12.2808,7,7,14,14,830.7692307692307,1350.899788888889
"brod3","BROD 3","Carbine",250,"auto","remove",0.84,14.62,12.2808,12.2808,7,7,14,14,830.7692307692307,1507.4217888888888
"brod3","BROD 3","Carbine",300,"auto","remove",0.84,14.62,12.2808,12.2808,7,7,14,14,830.7692307692307,1693.8781888888889
"sgx","SGX","SMG",1,"auto","remove",0.84,26.05,17.3628,17.3628,5,5,9,9,830.769,579.9002942959173
"sgx","SGX","SMG",5,"auto","remove",0.84,26.05,17.3628,17.3628,5,5,9,9,830.769,588.4643923580671
"sgx","SGX","SMG",9,"auto","remove",0.84,26.05,17.3628,17.3628,5,5,9,9,830.769,597.1492310050913
"sgx","SGX","SMG",10,"auto","remove",0.84,20.67,17.3628,17.3628,5,5,10,10,830.769,671.5617476255956
"sgx","SGX","SMG",11,"auto","remove",0.84,20.67,17.3628,17.3628,5,5,10,10,830.769,673.7596805556057
"sgx","SGX","SMG",20,"auto","remove",0.84,20.67,17.3628,17.3628,5,5,10,10,830.769,693.891331435882
"sgx","SGX","SMG",21,"auto","remove",0.84,20.67,17.3628,17.3628,5,5,10,10,830.769,696.1675756354433
"sgx","SGX","SMG",25,"auto","remove",0.84,17.13,17.3628,17.3628,5,5,11,11,830.769,777.5748831561186
"sgx","SGX","SMG",30,"auto","remove",0.84,17.13,17.3628,17.3628,5,5,11,11,830.769,789.2385228395619
"sgx","SGX","SMG",31,"auto","remove",0.84,17.13,17.3628,17.3628,5,5,11,11,830.769,791.5958228395618
"sgx","SGX","SMG",35,"auto","remove",0.84,17.13,14.389199999999999,14.389199999999999,6,6,12,12,830.769,873.3303310278832
"sgx","SGX","SMG",36,"auto","remove",0.84,17.13,14.389199999999999,14.389199999999999,6,6,12,12,830.769,875.7292651235181
"sgx","SGX","SMG",37,"auto","remove",0.84,14.62,14.389199999999999,14.389199999999999,6,6,13,13,830.769,950.3588634987483
"sgx","SGX","SMG",50,"auto","remove",0.84,14.62,12.2808,12.2808,7,7,14,14,830.769,1054.6556246383784
"sgx","SGX","SMG",60,"auto","remove",0.84,14.62,12.2808,12.2808,7,7,14,14,830.769,1080.3407496914306
"sgx","SGX","SMG",74,"auto","remove",0.84,14.62,12.2808,12.2808,7,7,14,14,830.769,1117.8442373597406
"sgx","SGX","SMG",75,"auto","remove",0.84,14.62,12.2808,12.2808,7,7,14,14,830.769,1120.5940335706623
"sgx","SGX","SMG",76,"auto","remove",0.84,12.76,12.2808,12.2808,7,7,15,15,830.769,1195.5756919753867
"sgx","SGX","SMG",83,"auto","remove",0.84,12.76,12.2808,12.2808,7,7,15,15,830.769,1215.164581352364
"sgx","SGX","SMG",85,"auto","remove",0.84,12.76,12.2808,12.2808,7,7,15,15,830.769,1220.8500919753867
"sgx","SGX","SMG",100,"auto","remove",0.84,12.76,10.718399999999999,10.718399999999999,8,8,16,16,830.769,1337.0064844973922
"sgx","SGX","SMG",120,"auto","remove",0.84,12.76,10.718399999999999,10.718399999999999,8,8,16,16,830.769,1399.2909923820025
"sgx","SGX","SMG",150,"auto","remove",0.84,12.76,10.718399999999999,10.718399999999999,8,8,16,16,830.769,1501.2869323096404
"sgx","SGX","SMG",200,"auto","remove",0.84,12.76,10.718399999999999,10.718399999999999,8,8,16,16,830.769,1696.985434259343
"sgx","SGX","SMG",250,"auto","remove",0.84,12.76,10.718399999999999,10.718399999999999,8,8,16,16,830.769,1930.110434259343
"sgx","SGX","SMG",300,"auto","remove",0.84,12.76,10.718399999999999,10.718399999999999,8,8,16,16,830.769,2207.819734259343
"pw5a3","PW5A3","SMG",1,"auto","remove",0.84,26.05,17.3628,17.3628,5,5,9,9,771.428,624.1868831279135
"pw5a3","PW5A3","SMG",5,"auto","remove",0.84,26.05,17.3628,17.3628,5,5,9,9,771.428,632.1128831279135
"pw5a3","PW5A3","SMG",9,"auto","remove",0.84,26.05,17.3628,17.3628,5,5,9,9,771.428,640.1505831279135
"pw5a3","PW5A3","SMG",10,"auto","remove",0.84,20.67,17.3628,17.3628,5,5,10,10,771.428,719.9555185189026
"pw5a3","PW5A3","SMG",11,"auto","remove",0.84,20.67,17.3628,17.3628,5,5,10,10,771.428,721.9897185189026
"pw5a3","PW5A3","SMG",20,"auto","remove",0.84,20.67,17.3628,17.3628,5,5,10,10,771.428,740.6213185189026
"pw5a3","PW5A3","SMG",21,"auto","remove",0.84,20.67,17.3628,17.3628,5,5,10,10,771.428,742.7279900437719
"pw5a3","PW5A3","SMG",25,"auto","remove",0.84,17.13,17.3628,17.3628,5,5,11,11,771.428,829.0065132616854
"pw5a3","PW5A3","SMG",30,"auto","remove",0.84,17.13,17.3628,17.3628,5,5,11,11,771.428,839.8011048094464
"pw5a3","PW5A3","SMG",31,"auto","remove",0.84,17.13,17.3628,17.3628,5,5,11,11,771.428,841.9827539098917
"pw5a3","PW5A3","SMG",35,"auto","remove",0.84,17.13,14.389199999999999,14.389199999999999,6,6,12,12,771.428,928.564089300881
"pw5a3","PW5A3","SMG",36,"auto","remove",0.84,17.13,14.389199999999999,14.389199999999999,6,6,12,12,771.428,930.784289300881
"pw5a3","PW5A3","SMG",37,"auto","remove",0.84,14.62,14.389199999999999,14.389199999999999,6,6,13,13,771.428,1010.7901095449708
"pw5a3","PW5A3","SMG",50,"auto","remove",0.84,14.62,12.2808,12.2808,7,7,14,14,771.428,1118.2525600828594
"pw5a3","PW5A3","SMG",60,"auto","remove",0.84,14.62,12.2808,12.2808,7,7,14,14,771.428,1142.0239384899985
"pw5a3","PW5A3","SMG",74,"auto","remove",0.84,14.62,12.2808,12.2808,7,7,14,14,771.428,1176.7330392582367
"pw5a3","PW5A3","SMG",75,"auto","remove",0.84,14.62,12.2808,12.2808,7,7,14,14,771.428,1179.2779486926584
"pw5a3","PW5A3","SMG",76,"auto","remove",0.84,12.76,12.2808,12.2808,7,7,15,15,771.428,1259.6095954738485
"pw5a3","PW5A3","SMG",83,"auto","remove",0.84,12.76,12.2808,12.2808,7,7,15,15,771.428,1277.7388954738485
"pw5a3","PW5A3","SMG",85,"auto","remove",0.84,12.76,12.2808,12.2808,7,7,15,15,771.428,1283.0007954738485
"pw5a3","PW5A3","SMG",100,"auto","remove",0.84,12.76,10.718399999999999,10.718399999999999,8,8,16,16,771.428,1401.4392308648378
"pw5a3","PW5A3","SMG",120,"auto","remove",0.84,12.76,10.718399999999999,10.718399999999999,8,8,16,16,771.428,1459.0829308648376
"pw5a3","PW5A3","SMG",150,"auto","remove",0.84,12.76,10.718399999999999,10.718399999999999,8,8,16,16,771.428,1553.4792106290347
"pw5a3","PW5A3","SMG",200,"auto","remove",0.84,12.76,10.718399999999999,10.718399999999999,8,8,16,16,771.428,1734.5962308648377
"pw5a3","PW5A3","SMG",250,"auto","remove",0.84,12.76,10.718399999999999,10.718399999999999,8,8,16,16,771.428,1950.3511308648376
"pw5a3","PW5A3","SMG",300,"auto","remove",0.84,12.76,10.718399999999999,10.718399999999999,8,8,16,16,771.428,2207.368430864838
"pw7a2","PW7A2","SMG",1,"auto","remove",0.84,17.13,12.2808,12.2808,7,7,13,13,947.368,761.7394906311472
"pw7a2","PW7A2","SMG",5,"auto","remove",0.84,17.13,12.2808,12.2808,7,7,13,13,947.368,768.7572932098533
"pw7a2","PW7A2","SMG",9,"auto","remove",0.84,17.13,12.2808,12.2808,7,7,13,13,947.368,775.8740359900538
"pw7a2","PW7A2","SMG",10,"auto","remove",0.84,17.13,12.2808,12.2808,7,7,13,13,947.368,777.6688377779278
"pw7a2","PW7A2","SMG",11,"auto","remove",0.84,17.13,12.2808,12.2808,7,7,13,13,947.368,779.4699377779278
"pw7a2","PW7A2","SMG",20,"auto","remove",0.84,17.13,12.2808,12.2808,7,7,13,13,947.368,795.9666975270432
"pw7a2","PW7A2","SMG",21,"auto","remove",0.84,17.13,12.2808,12.2808,7,7,13,13,947.368,797.8319377779278
"pw7a2","PW7A2","SMG",25,"auto","remove",0.84,14.62,12.2808,12.2808,7,7,14,14,947.368,868.6919653521558
"pw7a2","PW7A2","SMG",30,"auto","remove",0.84,14.62,12.2808,12.2808,7,7,14,14,947.368,878.2496766184025
"pw7a2","PW7A2","SMG",31,"auto","remove",0.84,14.62,12.2808,12.2808,7,7,14,14,947.368,880.1813721455037
"pw7a2","PW7A2","SMG",35,"auto","remove",0.84,14.62,12.2808,12.2808,7,7,14,14,947.368,887.9760992594217
"pw7a2","PW7A2","SMG",36,"auto","remove",0.84,14.62,12.2808,12.2808,7,7,14,14,947.368,889.9418992594218
"pw7a2","PW7A2","SMG",37,"auto","remove",0.84,14.62,12.2808,12.2808,7,7,14,14,947.368,891.9145992594218
"pw7a2","PW7A2","SMG",50,"auto","remove",0.84,14.62,12.2808,12.2808,7,7,14,14,947.368,918.1978940076153
"pw7a2","PW7A2","SMG",60,"auto","remove",0.84,14.62,12.2808,12.2808,7,7,14,14,947.368,939.2453992594218
"pw7a2","PW7A2","SMG",74,"auto","remove",0.84,14.62,12.2808,12.2808,7,7,14,14,947.368,969.977451654287
"pw7a2","PW7A2","SMG",75,"auto","remove",0.84,14.62,12.2808,12.2808,7,7,14,14,947.368,972.2307568826812
"pw7a2","PW7A2","SMG",76,"auto","remove",0.84,12.76,12.2808,12.2808,7,7,15,15,947.368,1037.8253239784794
"pw7a2","PW7A2","SMG",83,"auto","remove",0.84,12.76,12.2808,12.2808,7,7,15,15,947.368,1053.87731314705
"pw7a2","PW7A2","SMG",85,"auto","remove",0.84,12.76,12.2808,12.2808,7,7,15,15,947.368,1058.5362607409158
"pw7a2","PW7A2","SMG",100,"auto","remove",0.84,12.76,10.718399999999999,10.718399999999999,8,8,16,16,947.368,1157.8712222224099
"pw7a2","PW7A2","SMG",120,"auto","remove",0.84,12.76,10.718399999999999,10.718399999999999,8,8,16,16,947.368,1208.90992222241
"pw7a2","PW7A2","SMG",150,"auto","remove",0.84,12.76,10.718399999999999,10.718399999999999,8,8,16,16,947.368,1292.4899222224099
"pw7a2","PW7A2","SMG",200,"auto","remove",0.84,12.76,10.718399999999999,10.718399999999999,8,8,16,16,947.368,1452.85392222241
"pw7a2","PW7A2","SMG",250,"auto","remove",0.84,12.76,10.718399999999999,10.718399999999999,8,8,16,16,947.368,1643.88702222241
"pw7a2","PW7A2","SMG",300,"auto","remove",0.84,12.76,10.718399999999999,10.718399999999999,8,8,16,16,947.368,1871.4543222224097
"umg40","UMG-40","SMG",1,"auto","remove",0.84,26.05,18.1104,18.1104,5,5,9,9,635.294,757.2739665598197
"umg40","UMG-40","SMG",5,"auto","remove",0.84,26.05,18.1104,18.1104,5,5,9,9,635.294,764.2074954732769
"umg40","UMG-40","SMG",9,"auto","remove",0.84,26.05,18.1104,18.1104,5,5,9,9,635.294,771.2387954732769
"umg40","UMG-40","SMG",10,"auto","remove",0.84,21.56,18.1104,18.1104,5,5,10,10,635.294,867.4565204555245
"umg40","UMG-40","SMG",11,"auto","remove",0.84,21.56,18.1104,18.1104,5,5,10,10,635.294,869.2359574074367
"umg40","UMG-40","SMG",20,"auto","remove",0.84,21.56,18.1104,18.1104,5,5,10,10,635.294,885.5346574074366
"umg40","UMG-40","SMG",21,"auto","remove",0.84,21.56,18.1104,18.1104,5,5,10,10,635.294,887.3775338700153
"umg40","UMG-40","SMG",25,"auto","remove",0.84,17.74,18.1104,18.1104,5,5,11,11,635.294,989.258275035275
"umg40","UMG-40","SMG",30,"auto","remove",0.84,17.74,18.1104,18.1104,5,5,11,11,635.294,998.7012193415962
"umg40","UMG-40","SMG",31,"auto","remove",0.84,17.74,18.1104,18.1104,5,5,11,11,635.294,1000.6097193415962
"umg40","UMG-40","SMG",35,"auto","remove",0.84,17.74,14.901599999999998,14.901599999999998,6,6,12,12,635.294,1102.755349383578
"umg40","UMG-40","SMG",36,"auto","remove",0.84,17.74,14.901599999999998,14.901599999999998,6,6,12,12,635.294,1104.6975440461674
"umg40","UMG-40","SMG",37,"auto","remove",0.84,17.13,14.901599999999998,14.901599999999998,6,6,12,12,635.294,1106.6465482999092
"umg40","UMG-40","SMG",50,"auto","remove",0.84,17.13,14.389199999999999,14.389199999999999,6,6,12,12,635.294,1132.6142548177104
"umg40","UMG-40","SMG",60,"auto","remove",0.84,17.13,14.389199999999999,14.389199999999999,6,6,12,12,635.294,1153.4090812545567
"umg40","UMG-40","SMG",74,"auto","remove",0.84,17.13,14.389199999999999,14.389199999999999,6,6,12,12,635.294,1183.772081275756
"umg40","UMG-40","SMG",75,"auto","remove",0.84,17.13,14.389199999999999,14.389199999999999,6,6,12,12,635.294,1185.9983526153742
"umg40","UMG-40","SMG",76,"auto","remove",0.84,14.62,14.389199999999999,14.389199999999999,6,6,13,13,635.294,1282.6768432099154
"umg40","UMG-40","SMG",83,"auto","remove",0.84,14.62,14.389199999999999,14.389199999999999,6,6,13,13,635.294,1298.5361253470223
"umg40","UMG-40","SMG",85,"auto","remove",0.84,14.62,14.389199999999999,14.389199999999999,6,6,13,13,635.294,1303.1391432099153
"umg40","UMG-40","SMG",100,"auto","remove",0.84,14.62,12.2808,12.2808,7,7,14,14,635.294,1433.152905144075
"umg40","UMG-40","SMG",120,"auto","remove",0.84,14.62,12.2808,12.2808,7,7,14,14,635.294,1483.578805144075
"umg40","UMG-40","SMG",150,"auto","remove",0.84,14.62,12.2808,12.2808,7,7,14,14,635.294,1566.1552893288783
"umg40","UMG-40","SMG",200,"auto","remove",0.84,14.62,12.2808,12.2808,7,7,14,14,635.294,1724.593805144075
"umg40","UMG-40","SMG",250,"auto","remove",0.84,14.62,12.2808,12.2808,7,7,14,14,635.294,1913.333205144075
"umg40","UMG-40","SMG",300,"auto","remove",0.84,14.62,12.2808,12.2808,7,7,14,14,635.294,2138.168205144075
"usg90","USG-90","SMG",1,"auto","remove",0.84,20.67,14.901599999999998,14.901599999999998,6,6,11,11,899.999,668.1449074082304
"usg90","USG-90","SMG",5,"auto","remove",0.84,20.67,14.901599999999998,14.901599999999998,6,6,11,11,899.999,674.1069074082304
"usg90","USG-90","SMG",9,"auto","remove",0.84,20.67,14.901599999999998,14.901599999999998,6,6,11,11,899.999,680.1530074082305
"usg90","USG-90","SMG",10,"auto","remove",0.84,17.74,14.901599999999998,14.901599999999998,6,6,12,12,899.999,748.3445481490535
"usg90","USG-90","SMG",11,"auto","remove",0.84,17.74,14.901599999999998,14.901599999999998,6,6,12,12,899.999,749.874699500922
"usg90","USG-90","SMG",20,"auto","remove",0.84,17.74,14.901599999999998,14.901599999999998,6,6,12,12,899.999,763.8896396173284
"usg90","USG-90","SMG",21,"auto","remove",0.84,17.74,14.901599999999998,14.901599999999998,6,6,12,12,899.999,765.4742481490534
"usg90","USG-90","SMG",25,"auto","remove",0.84,15.07,14.901599999999998,14.901599999999998,6,6,13,13,899.999,838.5353450394558
"usg90","USG-90","SMG",30,"auto","remove",0.84,15.07,14.901599999999998,14.901599999999998,6,6,13,13,899.999,846.655170539984
"usg90","USG-90","SMG",31,"auto","remove",0.84,15.07,14.901599999999998,14.901599999999998,6,6,13,13,899.999,848.2962570054859
"usg90","USG-90","SMG",35,"auto","remove",0.84,15.07,12.6588,12.6588,7,7,14,14,899.999,921.5850843605821
"usg90","USG-90","SMG",36,"auto","remove",0.84,15.07,12.6588,12.6588,7,7,14,14,899.999,923.2551296306996
"usg90","USG-90","SMG",37,"auto","remove",0.84,14.62,12.6588,12.6588,7,7,14,14,899.999,924.9310296306996
"usg90","USG-90","SMG",50,"auto","remove",0.84,14.62,12.2808,12.2808,7,7,14,14,899.999,947.2602198592533
"usg90","USG-90","SMG",60,"auto","remove",0.84,14.62,12.2808,12.2808,7,7,14,14,899.999,965.1413169281051
"usg90","USG-90","SMG",74,"auto","remove",0.84,14.62,12.2808,12.2808,7,7,14,14,899.999,991.2499296306996
"usg90","USG-90","SMG",75,"auto","remove",0.84,14.62,12.2808,12.2808,7,7,14,14,899.999,993.1642296306995
"usg90","USG-90","SMG",76,"auto","remove",0.84,12.76,12.2808,12.2808,7,7,15,15,899.999,1061.7519703715225
"usg90","USG-90","SMG",83,"auto","remove",0.84,12.76,12.2808,12.2808,7,7,15,15,899.999,1075.3890703715226
"usg90","USG-90","SMG",85,"auto","remove",0.84,12.76,12.2808,12.2808,7,7,15,15,899.999,1079.3471703715227
"usg90","USG-90","SMG",100,"auto","remove",0.84,12.76,10.718399999999999,10.718399999999999,8,8,16,16,899.999,1176.5993111123455
"usg90","USG-90","SMG",120,"auto","remove",0.84,12.76,10.718399999999999,10.718399999999999,8,8,16,16,899.999,1219.9596111123456
"usg90","USG-90","SMG",150,"auto","remove",0.84,12.76,10.718399999999999,10.718399999999999,8,8,16,16,899.999,1290.9656111123456
"usg90","USG-90","SMG",200,"auto","remove",0.84,12.76,10.718399999999999,10.718399999999999,8,8,16,16,899.999,1427.2041111123456
"usg90","USG-90","SMG",250,"auto","remove",0.84,12.76,10.718399999999999,10.718399999999999,8,8,16,16,899.999,1589.4976111123456
"usg90","USG-90","SMG",300,"auto","remove",0.84,12.76,10.718399999999999,10.718399999999999,8,8,16,16,899.999,1782.8292111123455
"kv9","KV9","SMG",1,"auto","remove",0.84,26.05,17.3628,17.3628,5,5,9,9,1079.999,446.6611215503229
"kv9","KV9","SMG",5,"auto","remove",0.84,26.05,17.3628,17.3628,5,5,9,9,1079.999,455.6041559674592
"kv9","KV9","SMG",9,"auto","remove",0.84,26.05,17.3628,17.3628,5,5,9,9,1079.999,464.6732559674592
"kv9","KV9","SMG",10,"auto","remove",0.84,20.67,17.3628,17.3628,5,5,10,10,1079.999,522.5160629633916
"kv9","KV9","SMG",11,"auto","remove",0.84,20.67,17.3628,17.3628,5,5,10,10,1079.999,524.8112629633916
"kv9","KV9","SMG",20,"auto","remove",0.84,20.67,17.3628,17.3628,5,5,10,10,1079.999,545.8336629633916
"kv9","KV9","SMG",21,"auto","remove",0.84,20.67,17.3628,17.3628,5,5,10,10,1079.999,548.2106629633917
"kv9","KV9","SMG",25,"auto","remove",0.84,17.13,17.3628,17.3628,5,5,11,11,1079.999,613.357754183693
"kv9","KV9","SMG",30,"auto","remove",0.84,17.13,17.3628,17.3628,5,5,11,11,1079.999,625.5374699593241
"kv9","KV9","SMG",31,"auto","remove",0.84,17.13,17.3628,17.3628,5,5,11,11,1079.999,627.9991221327382
"kv9","KV9","SMG",35,"auto","remove",0.84,17.13,14.389199999999999,14.389199999999999,6,6,12,12,1079.999,693.48785905008
"kv9","KV9","SMG",36,"auto","remove",0.84,17.13,14.389199999999999,14.389199999999999,6,6,12,12,1079.999,695.9929464135528
"kv9","KV9","SMG",37,"auto","remove",0.84,14.62,14.389199999999999,14.389199999999999,6,6,13,13,1079.999,754.0623839511887
"kv9","KV9","SMG",50,"auto","remove",0.84,14.62,12.2808,12.2808,7,7,14,14,1079.999,843.1117762899519
"kv9","KV9","SMG",60,"auto","remove",0.84,14.62,12.2808,12.2808,7,7,14,14,1079.999,869.9333909471212
"kv9","KV9","SMG",74,"auto","remove",0.84,14.62,12.2808,12.2808,7,7,14,14,1079.999,909.0963453264185
"kv9","KV9","SMG",75,"auto","remove",0.84,14.62,12.2808,12.2808,7,7,14,14,1079.999,911.9677909471212
"kv9","KV9","SMG",76,"auto","remove",0.84,12.76,12.2808,12.2808,7,7,15,15,1079.999,970.4049572900371
"kv9","KV9","SMG",83,"auto","remove",0.84,12.76,12.2808,12.2808,7,7,15,15,1079.999,990.8605895048529
"kv9","KV9","SMG",85,"auto","remove",0.84,12.76,12.2808,12.2808,7,7,15,15,1079.999,996.7976979430537
"kv9","KV9","SMG",100,"auto","remove",0.84,12.76,10.718399999999999,10.718399999999999,8,8,16,16,1079.999,1098.231404938986
"kv9","KV9","SMG",120,"auto","remove",0.84,12.76,10.718399999999999,10.718399999999999,8,8,16,16,1079.999,1163.2718771378695
"kv9","KV9","SMG",150,"auto","remove",0.84,12.76,10.718399999999999,10.718399999999999,8,8,16,16,1079.999,1269.780904938986
"kv9","KV9","SMG",200,"auto","remove",0.84,12.76,10.718399999999999,10.718399999999999,8,8,16,16,1079.999,1474.138604938986
"kv9","KV9","SMG",250,"auto","remove",0.84,12.76,10.718399999999999,10.718399999999999,8,8,16,16,1079.999,1717.578904938986
"kv9","KV9","SMG",300,"auto","remove",0.84,12.76,10.718399999999999,10.718399999999999,8,8,16,16,1079.999,2007.576304938986
"scw10","SCW-10","SMG",1,"auto","remove",0.84,35.22,21.882,21.882,4,4,7,7,799.999,452.01616017364955
"scw10","SCW-10","SMG",5,"auto","remove",0.84,35.22,21.882,21.882,4,4,7,7,799.999,460.1494625007031
"scw10","SCW-10","SMG",9,"auto","remove",0.84,35.22,21.882,21.882,4,4,7,7,799.999,468.3974441308531
"scw10","SCW-10","SMG",10,"auto","remove",0.84,26.05,21.882,21.882,4,4,8,8,799.999,545.4776374520984
"scw10","SCW-10","SMG",11,"auto","remove",0.84,26.05,21.882,21.882,4,4,8,8,799.999,547.5650301272124
"scw10","SCW-10","SMG",20,"auto","remove",0.84,26.05,21.882,21.882,4,4,8,8,799.999,566.6839562508203
"scw10","SCW-10","SMG",21,"auto","remove",0.84,26.05,21.882,21.882,4,4,8,8,799.999,568.8457477552133
"scw10","SCW-10","SMG",25,"auto","remove",0.84,20.67,21.882,21.882,4,4,9,9,799.999,652.5688500009375
"scw10","SCW-10","SMG",30,"auto","remove",0.84,20.67,21.882,21.882,4,4,9,9,799.999,663.6458263767381
"scw10","SCW-10","SMG",31,"auto","remove",0.84,20.67,21.882,21.882,4,4,9,9,799.999,665.8845500009375
"scw10","SCW-10","SMG",35,"auto","remove",0.84,20.67,17.3628,17.3628,5,5,10,10,799.999,749.9184178091236
"scw10","SCW-10","SMG",36,"auto","remove",0.84,20.67,17.3628,17.3628,5,5,10,10,799.999,752.1966437510546
"scw10","SCW-10","SMG",37,"auto","remove",0.84,17.13,17.3628,17.3628,5,5,11,11,799.999,829.4830366462048
"scw10","SCW-10","SMG",50,"auto","remove",0.84,17.13,14.389199999999999,14.389199999999999,6,6,12,12,799.999,934.9442312512891
"scw10","SCW-10","SMG",60,"auto","remove",0.84,17.13,14.389199999999999,14.389199999999999,6,6,12,12,799.999,959.337331251289
"scw10","SCW-10","SMG",74,"auto","remove",0.84,17.13,14.389199999999999,14.389199999999999,6,6,12,12,799.999,994.9543312512891
"scw10","SCW-10","SMG",75,"auto","remove",0.84,17.13,14.389199999999999,14.389199999999999,6,6,12,12,799.999,997.5658304283463
"scw10","SCW-10","SMG",76,"auto","remove",0.84,14.62,14.389199999999999,14.389199999999999,6,6,13,13,799.999,1075.1865250014062
"scw10","SCW-10","SMG",83,"auto","remove",0.84,14.62,14.389199999999999,14.389199999999999,6,6,13,13,799.999,1093.7900250014063
"scw10","SCW-10","SMG",85,"auto","remove",0.84,14.62,14.389199999999999,14.389199999999999,6,6,13,13,799.999,1099.1896132754937
"scw10","SCW-10","SMG",100,"auto","remove",0.84,14.62,12.2808,12.2808,7,7,14,14,799.999,1215.9138187515234
"scw10","SCW-10","SMG",120,"auto","remove",0.84,14.62,12.2808,12.2808,7,7,14,14,799.999,1275.0653187515234
"scw10","SCW-10","SMG",150,"auto","remove",0.84,14.62,12.2808,12.2808,7,7,14,14,799.999,1371.9307090528118
"scw10","SCW-10","SMG",200,"auto","remove",0.84,14.62,12.2808,12.2808,7,7,14,14,799.999,1557.7852187515234
"scw10","SCW-10","SMG",250,"auto","remove",0.84,14.62,12.2808,12.2808,7,7,14,14,799.999,1779.1836187515235
"scw10","SCW-10","SMG",300,"auto","remove",0.84,14.62,12.2808,12.2808,7,7,14,14,799.999,2042.9237187515232
"sl9","SL9","SMG",1,"auto","remove",0.84,26.05,17.3628,17.3628,5,5,9,9,674.999,712.7624646106142
"sl9","SL9","SMG",5,"auto","remove",0.84,26.05,17.3628,17.3628,5,5,9,9,674.999,719.4218646106142
"sl9","SL9","SMG",9,"auto","remove",0.84,26.05,17.3628,17.3628,5,5,9,9,674.999,726.1751646106142
"sl9","SL9","SMG",10,"auto","remove",0.84,20.67,17.3628,17.3628,5,5,10,10,674.999,816.7673460716778
"sl9","SL9","SMG",11,"auto","remove",0.84,20.67,17.3628,17.3628,5,5,10,10,674.999,818.4764633031962
"sl9","SL9","SMG",20,"auto","remove",0.84,20.67,17.3628,17.3628,5,5,10,10,674.999,834.130685186941
"sl9","SL9","SMG",21,"auto","remove",0.84,20.67,17.3628,17.3628,5,5,10,10,674.999,835.900685186941
"sl9","SL9","SMG",25,"auto","remove",0.84,17.13,17.3628,17.3628,5,5,11,11,674.999,931.9319870967353
"sl9","SL9","SMG",30,"auto","remove",0.84,17.13,17.3628,17.3628,5,5,11,11,674.999,941.0015780182479
"sl9","SL9","SMG",31,"auto","remove",0.84,17.13,17.3628,17.3628,5,5,11,11,674.999,942.8346057632677
"sl9","SL9","SMG",35,"auto","remove",0.84,17.13,14.389199999999999,14.389199999999999,6,6,12,12,674.999,1039.120304275114
"sl9","SL9","SMG",36,"auto","remove",0.84,17.13,14.389199999999999,14.389199999999999,6,6,12,12,674.999,1040.9857070564808
"sl9","SL9","SMG",37,"auto","remove",0.84,14.62,14.389199999999999,14.389199999999999,6,6,13,13,674.999,1131.7466469159215
"sl9","SL9","SMG",50,"auto","remove",0.84,14.62,12.2808,12.2808,7,7,14,14,674.999,1245.576667492248
"sl9","SL9","SMG",60,"auto","remove",0.84,14.62,12.2808,12.2808,7,7,14,14,674.999,1265.549267492248
"sl9","SL9","SMG",74,"auto","remove",0.84,14.62,12.2808,12.2808,7,7,14,14,674.999,1294.711767492248
"sl9","SL9","SMG",75,"auto","remove",0.84,14.62,12.2808,12.2808,7,7,14,14,674.999,1296.8500272797232
"sl9","SL9","SMG",76,"auto","remove",0.84,12.76,12.2808,12.2808,7,7,15,15,674.999,1387.884771799772
"sl9","SL9","SMG",83,"auto","remove",0.84,12.76,12.2808,12.2808,7,7,15,15,674.999,1403.1169723946593
"sl9","SL9","SMG",85,"auto","remove",0.84,12.76,12.2808,12.2808,7,7,15,15,674.999,1407.5379880685748
"sl9","SL9","SMG",100,"auto","remove",0.84,12.76,10.718399999999999,10.718399999999999,8,8,16,16,674.999,1530.5899796702051
"sl9","SL9","SMG",120,"auto","remove",0.84,12.76,10.718399999999999,10.718399999999999,8,8,16,16,674.999,1579.0220846480242
"sl9","SL9","SMG",150,"auto","remove",0.84,12.76,10.718399999999999,10.718399999999999,8,8,16,16,674.999,1658.3335898306354
"sl9","SL9","SMG",200,"auto","remove",0.84,12.76,10.718399999999999,10.718399999999999,8,8,16,16,674.999,1810.5077086449016
"sl9","SL9","SMG",250,"auto","remove",0.84,12.76,10.718399999999999,10.718399999999999,8,8,16,16,674.999,1991.7845086449017
"sl9","SL9","SMG",300,"auto","remove",0.84,12.76,10.718399999999999,10.718399999999999,8,8,16,16,674.999,2207.729808644902
"cz3a1","CZ3A1","SMG",1,"auto","remove",0.84,26.05,17.3628,17.3628,5,5,9,9,981.818,491.2740794238851
"cz3a1","CZ3A1","SMG",5,"auto","remove",0.84,26.05,17.3628,17.3628,5,5,9,9,981.818,500.8984794238851
"cz3a1","CZ3A1","SMG",9,"auto","remove",0.84,26.05,17.3628,17.3628,5,5,9,9,981.818,510.6585794238851
"cz3a1","CZ3A1","SMG",10,"auto","remove",0.84,20.67,17.3628,17.3628,5,5,10,10,981.818,574.2311962733831
"cz3a1","CZ3A1","SMG",11,"auto","remove",0.84,20.67,17.3628,17.3628,5,5,10,10,981.818,576.7012776056013
"cz3a1","CZ3A1","SMG",20,"auto","remove",0.84,20.67,17.3628,17.3628,5,5,10,10,981.818,599.325395222086
"cz3a1","CZ3A1","SMG",21,"auto","remove",0.84,20.67,17.3628,17.3628,5,5,10,10,981.818,601.8834601320692
"cz3a1","CZ3A1","SMG",25,"auto","remove",0.84,17.13,17.3628,17.3628,5,5,11,11,981.818,673.3168242798564
"cz3a1","CZ3A1","SMG",30,"auto","remove",0.84,17.13,17.3628,17.3628,5,5,11,11,981.818,686.4245242798564
"cz3a1","CZ3A1","SMG",31,"auto","remove",0.84,17.13,17.3628,17.3628,5,5,11,11,981.818,689.0737242798564
"cz3a1","CZ3A1","SMG",35,"auto","remove",0.84,17.13,14.389199999999999,14.389199999999999,6,6,12,12,981.818,760.8748093432237
"cz3a1","CZ3A1","SMG",36,"auto","remove",0.84,17.13,14.389199999999999,14.389199999999999,6,6,12,12,981.818,763.570746707842
"cz3a1","CZ3A1","SMG",37,"auto","remove",0.84,14.62,14.389199999999999,14.389199999999999,6,6,13,13,981.818,827.3872691358276
"cz3a1","CZ3A1","SMG",50,"auto","remove",0.84,14.62,12.2808,12.2808,7,7,14,14,981.818,924.5440586470501
"cz3a1","CZ3A1","SMG",60,"auto","remove",0.84,14.62,12.2808,12.2808,7,7,14,14,981.818,953.4092582010535
"cz3a1","CZ3A1","SMG",74,"auto","remove",0.84,14.62,12.2808,12.2808,7,7,14,14,981.818,995.5559915638132
"cz3a1","CZ3A1","SMG",75,"auto","remove",0.84,14.62,12.2808,12.2808,7,7,14,14,981.818,998.6462705899976
"cz3a1","CZ3A1","SMG",76,"auto","remove",0.84,12.76,12.2808,12.2808,7,7,15,15,981.818,1062.8584750033147
"cz3a1","CZ3A1","SMG",83,"auto","remove",0.84,12.76,12.2808,12.2808,7,7,15,15,981.818,1084.872613991799
"cz3a1","CZ3A1","SMG",85,"auto","remove",0.84,12.76,12.2808,12.2808,7,7,15,15,981.818,1091.2620917828026
"cz3a1","CZ3A1","SMG",100,"auto","remove",0.84,12.76,10.718399999999999,10.718399999999999,8,8,16,16,981.818,1201.7468014492113
"cz3a1","CZ3A1","SMG",120,"auto","remove",0.84,12.76,10.718399999999999,10.718399999999999,8,8,16,16,981.818,1271.742724595726
"cz3a1","CZ3A1","SMG",150,"auto","remove",0.84,12.76,10.718399999999999,10.718399999999999,8,8,16,16,981.818,1386.3667332763093
"cz3a1","CZ3A1","SMG",200,"auto","remove",0.84,12.76,10.718399999999999,10.718399999999999,8,8,16,16,981.818,1606.2945364197844
"cz3a1","CZ3A1","SMG",250,"auto","remove",0.84,12.76,10.718399999999999,10.718399999999999,8,8,16,16,981.818,1868.2826364197845
"cz3a1","CZ3A1","SMG",300,"auto","remove",0.84,12.76,10.718399999999999,10.718399999999999,8,8,16,16,981.818,2180.3750364197845
"pp19","PP-19","SMG",1,"auto","remove",0.84,26.05,17.3628,17.3628,5,5,9,9,719.999,668.4725512307333
"pp19","PP-19","SMG",5,"auto","remove",0.84,26.05,17.3628,17.3628,5,5,9,9,719.999,675.7558922853905
"pp19","PP-19","SMG",9,"auto","remove",0.84,26.05,17.3628,17.3628,5,5,9,9,719.999,683.1418925938785
"pp19","PP-19","SMG",10,"auto","remove",0.84,20.67,17.3628,17.3628,5,5,10,10,719.999,768.3380416681134
"pp19","PP-19","SMG",11,"auto","remove",0.84,20.67,17.3628,17.3628,5,5,10,10,719.999,770.2073368330988
"pp19","PP-19","SMG",20,"auto","remove",0.84,20.67,17.3628,17.3628,5,5,10,10,719.999,787.3282416681134
"pp19","PP-19","SMG",21,"auto","remove",0.84,20.67,17.3628,17.3628,5,5,10,10,719.999,789.2641236098852
"pp19","PP-19","SMG",25,"auto","remove",0.84,17.13,17.3628,17.3628,5,5,11,11,719.999,880.4089907423481
"pp19","PP-19","SMG",30,"auto","remove",0.84,17.13,17.3628,17.3628,5,5,11,11,719.999,890.3283699473444
"pp19","PP-19","SMG",31,"auto","remove",0.84,17.13,17.3628,17.3628,5,5,11,11,719.999,892.3331566565522
"pp19","PP-19","SMG",35,"auto","remove",0.84,17.13,14.389199999999999,14.389199999999999,6,6,12,12,719.999,983.7562899190341
"pp19","PP-19","SMG",36,"auto","remove",0.84,17.13,14.389199999999999,14.389199999999999,6,6,12,12,719.999,985.7964398165831
"pp19","PP-19","SMG",37,"auto","remove",0.84,14.62,14.389199999999999,14.389199999999999,6,6,13,13,719.999,1071.1772506477214
"pp19","PP-19","SMG",50,"auto","remove",0.84,14.62,12.2808,12.2808,7,7,14,14,719.999,1181.7884887307455
"pp19","PP-19","SMG",60,"auto","remove",0.84,14.62,12.2808,12.2808,7,7,14,14,719.999,1203.6324235283696
"pp19","PP-19","SMG",74,"auto","remove",0.84,14.62,12.2808,12.2808,7,7,14,14,719.999,1235.5272379650526
"pp19","PP-19","SMG",75,"auto","remove",0.84,14.62,12.2808,12.2808,7,7,14,14,719.999,1237.8658379650526
"pp19","PP-19","SMG",76,"auto","remove",0.84,12.76,12.2808,12.2808,7,7,15,15,719.999,1323.546052129083
"pp19","PP-19","SMG",83,"auto","remove",0.84,12.76,12.2808,12.2808,7,7,15,15,719.999,1340.2053870392874
"pp19","PP-19","SMG",85,"auto","remove",0.84,12.76,12.2808,12.2808,7,7,15,15,719.999,1345.04068104329
"pp19","PP-19","SMG",100,"auto","remove",0.84,12.76,10.718399999999999,10.718399999999999,8,8,16,16,719.999,1465.737925865521
"pp19","PP-19","SMG",120,"auto","remove",0.84,12.76,10.718399999999999,10.718399999999999,8,8,16,16,719.999,1518.7078136520727
"pp19","PP-19","SMG",150,"auto","remove",0.84,12.76,10.718399999999999,10.718399999999999,8,8,16,16,719.999,1605.4503067076491
"pp19","PP-19","SMG",200,"auto","remove",0.84,12.76,10.718399999999999,10.718399999999999,8,8,16,16,719.999,1771.8821361135224
"pp19","PP-19","SMG",250,"auto","remove",0.84,12.76,10.718399999999999,10.718399999999999,8,8,16,16,719.999,1970.1434361135225
"pp19","PP-19","SMG",300,"auto","remove",0.84,12.76,10.718399999999999,10.718399999999999,8,8,16,16,719.999,2206.3215361135226
"l110","L110","LMG",1,"auto","remove",0.84,26.05,17.3628,17.3628,5,5,9,9,719.999,667.7505677759914
"l110","L110","LMG",5,"auto","remove",0.84,26.05,17.3628,17.3628,5,5,9,9,719.999,672.1205724087857
"l110","L110","LMG",9,"auto","remove",0.84,26.05,17.3628,17.3628,5,5,9,9,719.999,676.5521873724565
"l110","L110","LMG",10,"auto","remove",0.84,26.05,17.3628,17.3628,5,5,9,9,719.999,677.6697925938786
"l110","L110","LMG",11,"auto","remove",0.84,26.05,17.3628,17.3628,5,5,9,9,719.999,678.7913696928698
"l110","L110","LMG",20,"auto","remove",0.84,26.05,17.3628,17.3628,5,5,9,9,719.999,689.0638925938786
"l110","L110","LMG",21,"auto","remove",0.84,26.05,17.3628,17.3628,5,5,9,9,719.999,690.2253925938786
"l110","L110","LMG",25,"auto","remove",0.84,20.67,17.3628,17.3628,5,5,10,10,719.999,778.2457416681134
"l110","L110","LMG",30,"auto","remove",0.84,20.67,17.3628,17.3628,5,5,10,10,719.999,784.1973416681134
"l110","L110","LMG",31,"auto","remove",0.84,20.67,17.3628,17.3628,5,5,10,10,719.999,785.4002412166358
"l110","L110","LMG",35,"auto","remove",0.84,20.67,17.3628,17.3628,5,5,10,10,719.999,790.2540416681135
"l110","L110","LMG",36,"auto","remove",0.84,20.67,17.3628,17.3628,5,5,10,10,719.999,791.4781416681134
"l110","L110","LMG",37,"auto","remove",0.84,20.67,17.3628,17.3628,5,5,10,10,719.999,792.7065416681135
"l110","L110","LMG",50,"auto","remove",0.84,20.67,17.3628,17.3628,5,5,10,10,719.999,809.0732321275291
"l110","L110","LMG",60,"auto","remove",0.84,20.67,17.3628,17.3628,5,5,10,10,719.999,822.1795930061036
"l110","L110","LMG",74,"auto","remove",0.84,20.67,17.3628,17.3628,5,5,10,10,719.999,841.3165026188619
"l110","L110","LMG",75,"auto","remove",0.84,20.67,17.3628,17.3628,5,5,10,10,719.999,842.7196416681135
"l110","L110","LMG",76,"auto","remove",0.84,17.13,17.3628,17.3628,5,5,11,11,719.999,927.4611497962255
"l110","L110","LMG",83,"auto","remove",0.84,17.13,17.3628,17.3628,5,5,11,11,719.999,937.456766835249
"l110","L110","LMG",85,"auto","remove",0.84,17.13,17.3628,17.3628,5,5,11,11,719.999,940.3578907423482
"l110","L110","LMG",100,"auto","remove",0.84,17.13,14.389199999999999,14.389199999999999,6,6,12,12,719.999,1046.109639816583
"l110","L110","LMG",120,"auto","remove",0.84,17.13,14.389199999999999,14.389199999999999,6,6,12,12,719.999,1077.891539816583
"l110","L110","LMG",150,"auto","remove",0.84,17.13,14.389199999999999,14.389199999999999,6,6,12,12,719.999,1129.9370398165831
"l110","L110","LMG",200,"auto","remove",0.84,17.13,14.389199999999999,14.389199999999999,6,6,12,12,719.999,1229.796139816583
"l110","L110","LMG",250,"auto","remove",0.84,17.13,14.389199999999999,14.389199999999999,6,6,12,12,719.999,1348.752939816583
"l110","L110","LMG",300,"auto","remove",0.84,17.13,14.389199999999999,14.389199999999999,6,6,12,12,719.999,1490.459839816583
"drsiar","DRS-IAR","LMG",1,"auto","remove",0.84,26.05,17.3628,17.3628,5,5,9,9,771.428,623.4011831279134
"drsiar","DRS-IAR","LMG",5,"auto","remove",0.84,26.05,17.3628,17.3628,5,5,9,9,771.428,628.1567831279134
"drsiar","DRS-IAR","LMG",9,"auto","remove",0.84,26.05,17.3628,17.3628,5,5,9,9,771.428,632.9794480340129
"drsiar","DRS-IAR","LMG",10,"auto","remove",0.84,26.05,17.3628,17.3628,5,5,9,9,771.428,634.1956831279134
"drsiar","DRS-IAR","LMG",11,"auto","remove",0.84,26.05,17.3628,17.3628,5,5,9,9,771.428,635.4161831279134
"drsiar","DRS-IAR","LMG",20,"auto","remove",0.84,26.05,17.3628,17.3628,5,5,9,9,771.428,646.5951810284904
"drsiar","DRS-IAR","LMG",21,"auto","remove",0.84,26.05,17.3628,17.3628,5,5,9,9,771.428,647.8591660428351
"drsiar","DRS-IAR","LMG",25,"auto","remove",0.84,20.67,17.3628,17.3628,5,5,10,10,771.428,730.7374141299788
"drsiar","DRS-IAR","LMG",30,"auto","remove",0.84,20.67,17.3628,17.3628,5,5,10,10,771.428,737.2141690586354
"drsiar","DRS-IAR","LMG",31,"auto","remove",0.84,20.67,17.3628,17.3628,5,5,10,10,771.428,738.5231768511181
"drsiar","DRS-IAR","LMG",35,"auto","remove",0.84,20.67,17.3628,17.3628,5,5,10,10,771.428,743.8052185189026
"drsiar","DRS-IAR","LMG",36,"auto","remove",0.84,20.67,17.3628,17.3628,5,5,10,10,771.428,745.1373818073143
"drsiar","DRS-IAR","LMG",37,"auto","remove",0.84,20.67,17.3628,17.3628,5,5,10,10,771.428,746.474169430763
"drsiar","DRS-IAR","LMG",50,"auto","remove",0.84,20.67,17.3628,17.3628,5,5,10,10,771.428,764.2849185189026
"drsiar","DRS-IAR","LMG",60,"auto","remove",0.84,20.67,17.3628,17.3628,5,5,10,10,771.428,778.5477185189026
"drsiar","DRS-IAR","LMG",74,"auto","remove",0.84,20.67,17.3628,17.3628,5,5,10,10,771.428,799.3732185189026
"drsiar","DRS-IAR","LMG",75,"auto","remove",0.84,20.67,17.3628,17.3628,5,5,10,10,771.428,800.900171684782
"drsiar","DRS-IAR","LMG",76,"auto","remove",0.84,17.13,17.3628,17.3628,5,5,11,11,771.428,880.2103064096995
"drsiar","DRS-IAR","LMG",83,"auto","remove",0.84,17.13,17.3628,17.3628,5,5,11,11,771.428,891.0878539098917
"drsiar","DRS-IAR","LMG",85,"auto","remove",0.84,17.13,17.3628,17.3628,5,5,11,11,771.428,894.2450347007406
"drsiar","DRS-IAR","LMG",100,"auto","remove",0.84,17.13,14.389199999999999,14.389199999999999,6,6,12,12,771.428,996.419189300881
"drsiar","DRS-IAR","LMG",120,"auto","remove",0.84,17.13,14.389199999999999,14.389199999999999,6,6,12,12,771.428,1031.0054516936991
"drsiar","DRS-IAR","LMG",150,"auto","remove",0.84,17.13,14.389199999999999,14.389199999999999,6,6,12,12,771.428,1087.643189300881
"drsiar","DRS-IAR","LMG",200,"auto","remove",0.84,17.13,14.389199999999999,14.389199999999999,6,6,12,12,771.428,1196.313389300881
"drsiar","DRS-IAR","LMG",250,"auto","remove",0.84,17.13,14.389199999999999,14.389199999999999,6,6,12,12,771.428,1325.766389300881
"drsiar","DRS-IAR","LMG",300,"auto","remove",0.84,17.13,14.389199999999999,14.389199999999999,6,6,12,12,771.428,1479.976689300881
"m60","M/60","LMG",1,"auto","remove",0.84,35.22,21.882,21.882,4,4,7,7,514.285,701.1794722235726
"m60","M/60","LMG",5,"auto","remove",0.84,35.22,21.882,21.882,4,4,7,7,514.285,705.9350722235725
"m60","M/60","LMG",9,"auto","remove",0.84,35.22,21.882,21.882,4,4,7,7,514.285,710.757737129672
"m60","M/60","LMG",10,"auto","remove",0.84,35.22,21.882,21.882,4,4,7,7,514.285,711.9739722235726
"m60","M/60","LMG",11,"auto","remove",0.84,35.22,21.882,21.882,4,4,7,7,514.285,713.1944722235726
"m60","M/60","LMG",20,"auto","remove",0.84,35.22,21.882,21.882,4,4,7,7,514.285,724.3734701241495
"m60","M/60","LMG",21,"auto","remove",0.84,35.22,21.882,21.882,4,4,7,7,514.285,725.6374551384943
"m60","M/60","LMG",25,"auto","remove",0.84,26.05,21.882,21.882,4,4,8,8,514.285,847.4046965385776
"m60","M/60","LMG",30,"auto","remove",0.84,26.05,21.882,21.882,4,4,8,8,514.285,853.8814514672342
"m60","M/60","LMG",31,"auto","remove",0.84,26.05,21.882,21.882,4,4,8,8,514.285,855.1904592597169
"m60","M/60","LMG",35,"auto","remove",0.84,26.05,21.882,21.882,4,4,8,8,514.285,860.4725009275014
"m60","M/60","LMG",36,"auto","remove",0.84,26.05,21.882,21.882,4,4,8,8,514.285,861.8046642159131
"m60","M/60","LMG",37,"auto","remove",0.84,26.05,21.882,21.882,4,4,8,8,514.285,863.1414518393618
"m60","M/60","LMG",50,"auto","remove",0.84,26.05,21.882,21.882,4,4,8,8,514.285,880.9522009275014
"m60","M/60","LMG",60,"auto","remove",0.84,26.05,21.882,21.882,4,4,8,8,514.285,895.2150009275014
"m60","M/60","LMG",74,"auto","remove",0.84,26.05,21.882,21.882,4,4,8,8,514.285,916.0405009275014
"m60","M/60","LMG",75,"auto","remove",0.84,26.05,21.882,21.882,4,4,8,8,514.285,917.5674540933808
"m60","M/60","LMG",76,"auto","remove",0.84,20.67,21.882,21.882,4,4,9,9,514.285,1035.7665821312378
"m60","M/60","LMG",83,"auto","remove",0.84,20.67,21.882,21.882,4,4,9,9,514.285,1046.6441296314301
"m60","M/60","LMG",85,"auto","remove",0.84,20.67,21.882,21.882,4,4,9,9,514.285,1049.801310422279
"m60","M/60","LMG",100,"auto","remove",0.84,20.67,17.3628,17.3628,5,5,10,10,514.285,1190.864458335359
"m60","M/60","LMG",120,"auto","remove",0.84,20.67,17.3628,17.3628,5,5,10,10,514.285,1225.450720728177
"m60","M/60","LMG",150,"auto","remove",0.84,20.67,17.3628,17.3628,5,5,10,10,514.285,1282.0884583353588
"m60","M/60","LMG",200,"auto","remove",0.84,20.67,17.3628,17.3628,5,5,10,10,514.285,1390.7586583353589
"m60","M/60","LMG",250,"auto","remove",0.84,20.67,17.3628,17.3628,5,5,10,10,514.285,1520.2116583353588
"m60","M/60","LMG",300,"auto","remove",0.84,20.67,17.3628,17.3628,5,5,10,10,514.285,1674.4219583353588
"rpkm","RPKM","LMG",1,"auto","remove",0.84,35.22,23.083199999999998,23.083199999999998,4,4,7,7,553.846,651.2730548166659
"rpkm","RPKM","LMG",5,"auto","remove",0.84,35.22,23.083199999999998,23.083199999999998,4,4,7,7,553.846,656.4093372630887
"rpkm","RPKM","LMG",9,"auto","remove",0.84,35.22,23.083199999999998,23.083199999999998,4,4,7,7,553.846,661.6180333766788
"rpkm","RPKM","LMG",10,"auto","remove",0.84,27.48,23.083199999999998,23.083199999999998,4,4,8,8,553.846,771.2650047909875
"rpkm","RPKM","LMG",11,"auto","remove",0.84,27.48,23.083199999999998,23.083199999999998,4,4,8,8,553.846,772.5832184625652
"rpkm","RPKM","LMG",20,"auto","remove",0.84,27.48,23.083199999999998,23.083199999999998,4,4,8,8,553.846,784.6570439815399
"rpkm","RPKM","LMG",21,"auto","remove",0.84,27.48,23.083199999999998,23.083199999999998,4,4,8,8,553.846,786.02224398154
"rpkm","RPKM","LMG",25,"auto","remove",0.84,21.56,23.083199999999998,23.083199999999998,4,4,9,9,553.846,899.8643074074743
"rpkm","RPKM","LMG",30,"auto","remove",0.84,21.56,23.083199999999998,23.083199999999998,4,4,9,9,553.846,906.8595074074742
"rpkm","RPKM","LMG",31,"auto","remove",0.84,21.56,23.083199999999998,23.083199999999998,4,4,9,9,553.846,908.2733074074742
"rpkm","RPKM","LMG",35,"auto","remove",0.84,21.56,18.1104,18.1104,5,5,10,10,553.846,1022.3116231928244
"rpkm","RPKM","LMG",36,"auto","remove",0.84,21.56,18.1104,18.1104,5,5,10,10,553.846,1023.7503708334085
"rpkm","RPKM","LMG",37,"auto","remove",0.84,20.67,18.1104,18.1104,5,5,10,10,553.846,1025.1941708334086
"rpkm","RPKM","LMG",50,"auto","remove",0.84,20.67,17.3628,17.3628,5,5,10,10,553.846,1044.4307361128995
"rpkm","RPKM","LMG",60,"auto","remove",0.84,20.67,17.3628,17.3628,5,5,10,10,553.846,1059.8352708334085
"rpkm","RPKM","LMG",74,"auto","remove",0.84,20.67,17.3628,17.3628,5,5,10,10,553.846,1082.327845648456
"rpkm","RPKM","LMG",75,"auto","remove",0.84,20.67,17.3628,17.3628,5,5,10,10,553.846,1083.9770245703812
"rpkm","RPKM","LMG",76,"auto","remove",0.84,17.13,17.3628,17.3628,5,5,11,11,553.846,1193.9653342593429
"rpkm","RPKM","LMG",83,"auto","remove",0.84,17.13,17.3628,17.3628,5,5,11,11,553.846,1205.7136919288896
"rpkm","RPKM","LMG",85,"auto","remove",0.84,17.13,17.3628,17.3628,5,5,11,11,553.846,1209.123534259343
"rpkm","RPKM","LMG",100,"auto","remove",0.84,17.13,14.389199999999999,14.389199999999999,6,6,12,12,553.846,1343.8061976852773
"rpkm","RPKM","LMG",120,"auto","remove",0.84,17.13,14.389199999999999,14.389199999999999,6,6,12,12,553.846,1381.1610976852771
"rpkm","RPKM","LMG",150,"auto","remove",0.84,17.13,14.389199999999999,14.389199999999999,6,6,12,12,553.846,1442.3327622084544
"rpkm","RPKM","LMG",200,"auto","remove",0.84,17.13,14.389199999999999,14.389199999999999,6,6,12,12,553.846,1559.7020976852773
"rpkm","RPKM","LMG",250,"auto","remove",0.84,17.13,14.389199999999999,14.389199999999999,6,6,12,12,553.846,1699.5178976852771
"rpkm","RPKM","LMG",300,"auto","remove",0.84,17.13,14.389199999999999,14.389199999999999,6,6,12,12,553.846,1866.0728976852772
"m123k","M123K","LMG",1,"auto","remove",0.84,26.05,17.3628,17.3628,5,5,9,9,830.769,579.0508125327098
"m123k","M123K","LMG",5,"auto","remove",0.84,26.05,17.3628,17.3628,5,5,9,9,830.769,584.1870949791326
"m123k","M123K","LMG",9,"auto","remove",0.84,26.05,17.3628,17.3628,5,5,9,9,830.769,589.3957910927227
"m123k","M123K","LMG",10,"auto","remove",0.84,26.05,17.3628,17.3628,5,5,9,9,830.769,590.7093990810971
"m123k","M123K","LMG",11,"auto","remove",0.84,26.05,17.3628,17.3628,5,5,9,9,830.769,592.0276127526748
"m123k","M123K","LMG",20,"auto","remove",0.84,26.05,17.3628,17.3628,5,5,9,9,830.769,604.1014382716495
"m123k","M123K","LMG",21,"auto","remove",0.84,26.05,17.3628,17.3628,5,5,9,9,830.769,605.4666382716496
"m123k","M123K","LMG",25,"auto","remove",0.84,20.67,17.3628,17.3628,5,5,10,10,830.769,683.1975805556057
"m123k","M123K","LMG",30,"auto","remove",0.84,20.67,17.3628,17.3628,5,5,10,10,830.769,690.1927805556056
"m123k","M123K","LMG",31,"auto","remove",0.84,20.67,17.3628,17.3628,5,5,10,10,830.769,691.6065805556057
"m123k","M123K","LMG",35,"auto","remove",0.84,20.67,17.3628,17.3628,5,5,10,10,830.769,697.3115329150215
"m123k","M123K","LMG",36,"auto","remove",0.84,20.67,17.3628,17.3628,5,5,10,10,830.769,698.7502805556056
"m123k","M123K","LMG",37,"auto","remove",0.84,20.67,17.3628,17.3628,5,5,10,10,830.769,700.1940805556056
"m123k","M123K","LMG",50,"auto","remove",0.84,20.67,17.3628,17.3628,5,5,10,10,830.769,719.4306458350967
"m123k","M123K","LMG",60,"auto","remove",0.84,20.67,17.3628,17.3628,5,5,10,10,830.769,734.8351805556057
"m123k","M123K","LMG",74,"auto","remove",0.84,20.67,17.3628,17.3628,5,5,10,10,830.769,757.3277553706531
"m123k","M123K","LMG",75,"auto","remove",0.84,20.67,17.3628,17.3628,5,5,10,10,830.769,758.9769342925782
"m123k","M123K","LMG",76,"auto","remove",0.84,17.13,17.3628,17.3628,5,5,11,11,830.769,832.8541228395619
"m123k","M123K","LMG",83,"auto","remove",0.84,17.13,17.3628,17.3628,5,5,11,11,830.769,844.6024805091087
"m123k","M123K","LMG",85,"auto","remove",0.84,17.13,17.3628,17.3628,5,5,11,11,830.769,848.0123228395619
"m123k","M123K","LMG",100,"auto","remove",0.84,17.13,14.389199999999999,14.389199999999999,6,6,12,12,830.769,946.5838651235181
"m123k","M123K","LMG",120,"auto","remove",0.84,17.13,14.389199999999999,14.389199999999999,6,6,12,12,830.769,983.9387651235181
"m123k","M123K","LMG",150,"auto","remove",0.84,17.13,14.389199999999999,14.389199999999999,6,6,12,12,830.769,1045.1104296466951
"m123k","M123K","LMG",200,"auto","remove",0.84,17.13,14.389199999999999,14.389199999999999,6,6,12,12,830.769,1162.479765123518
"m123k","M123K","LMG",250,"auto","remove",0.84,17.13,14.389199999999999,14.389199999999999,6,6,12,12,830.769,1302.2955651235181
"m123k","M123K","LMG",300,"auto","remove",0.84,17.13,14.389199999999999,14.389199999999999,6,6,12,12,830.769,1468.8505651235182
"m250","M250","LMG",1,"auto","remove",0.84,26.05,21.882,21.882,4,4,8,8,674.999,623.3300440342874
"m250","M250","LMG",5,"auto","remove",0.84,26.05,21.882,21.882,4,4,8,8,674.999,627.7966316904079
"m250","M250","LMG",9,"auto","remove",0.84,26.05,21.882,21.882,4,4,8,8,674.999,632.3261440342874
"m250","M250","LMG",10,"auto","remove",0.84,26.05,21.882,21.882,4,4,8,8,674.999,633.4685138210667
"m250","M250","LMG",11,"auto","remove",0.84,26.05,21.882,21.882,4,4,8,8,674.999,634.6148440342874
"m250","M250","LMG",20,"auto","remove",0.84,26.05,21.882,21.882,4,4,8,8,674.999,645.1144404049951
"m250","M250","LMG",21,"auto","remove",0.84,26.05,21.882,21.882,4,4,8,8,674.999,646.3016086505121
"m250","M250","LMG",25,"auto","remove",0.84,26.05,21.882,21.882,4,4,8,8,674.999,651.0920440342875
"m250","M250","LMG",30,"auto","remove",0.84,26.05,21.882,21.882,4,4,8,8,674.999,657.1751440342874
"m250","M250","LMG",31,"auto","remove",0.84,26.05,21.882,21.882,4,4,8,8,674.999,658.4046440342875
"m250","M250","LMG",35,"auto","remove",0.84,26.05,21.882,21.882,4,4,8,8,674.999,663.3657233788845
"m250","M250","LMG",36,"auto","remove",0.84,26.05,21.882,21.882,4,4,8,8,674.999,664.6168440342874
"m250","M250","LMG",37,"auto","remove",0.84,26.05,21.882,21.882,4,4,8,8,674.999,665.8724294211177
"m250","M250","LMG",50,"auto","remove",0.84,26.05,21.882,21.882,4,4,8,8,674.999,682.6007972662868
"m250","M250","LMG",60,"auto","remove",0.84,26.05,21.882,21.882,4,4,8,8,674.999,695.9968014791946
"m250","M250","LMG",74,"auto","remove",0.84,26.05,21.882,21.882,4,4,8,8,674.999,715.5566262215166
"m250","M250","LMG",75,"auto","remove",0.84,26.05,21.882,21.882,4,4,8,8,674.999,716.9907440342874
"m250","M250","LMG",76,"auto","remove",0.84,26.05,21.882,21.882,4,4,8,8,674.999,718.4299440342875
"m250","M250","LMG",83,"auto","remove",0.84,26.05,21.882,21.882,4,4,8,8,674.999,728.6464440342875
"m250","M250","LMG",85,"auto","remove",0.84,26.05,21.882,21.882,4,4,8,8,674.999,731.6117392522118
"m250","M250","LMG",100,"auto","remove",0.84,26.05,21.882,21.882,4,4,8,8,674.999,754.5254440342874
"m250","M250","LMG",120,"auto","remove",0.84,26.05,21.882,21.882,4,4,8,8,674.999,787.0097440342875
"m250","M250","LMG",150,"auto","remove",0.84,26.05,21.882,21.882,4,4,8,8,674.999,840.2054166085862
"m250","M250","LMG",200,"auto","remove",0.84,26.05,21.882,21.882,4,4,8,8,674.999,942.2713440342875
"m250","M250","LMG",250,"auto","remove",0.84,26.05,21.882,21.882,4,4,8,8,674.999,1063.8570440342874
"m250","M250","LMG",300,"auto","remove",0.84,26.05,21.882,21.882,4,4,8,8,674.999,1208.6954440342874
"m240l","M240L","LMG",1,"auto","remove",0.84,35.22,21.882,21.882,4,4,7,7,599.999,601.3602000016666
"m240l","M240L","LMG",5,"auto","remove",0.84,35.22,21.882,21.882,4,4,7,7,599.999,606.8449705970386
"m240l","M240L","LMG",9,"auto","remove",0.84,35.22,21.882,21.882,4,4,7,7,599.999,612.4070000016666
"m240l","M240L","LMG",10,"auto","remove",0.84,35.22,21.882,21.882,4,4,7,7,599.999,613.8097648009003
"m240l","M240L","LMG",11,"auto","remove",0.84,35.22,21.882,21.882,4,4,7,7,599.999,615.2174000016666
"m240l","M240L","LMG",20,"auto","remove",0.84,35.22,21.882,21.882,4,4,7,7,599.999,628.1103937811652
"m240l","M240L","LMG",21,"auto","remove",0.84,35.22,21.882,21.882,4,4,7,7,599.999,629.5681783974378
"m240l","M240L","LMG",25,"auto","remove",0.84,26.05,21.882,21.882,4,4,8,8,599.999,735.4507666686111
"m240l","M240L","LMG",30,"auto","remove",0.84,26.05,21.882,21.882,4,4,8,8,599.999,742.9205666686111
"m240l","M240L","LMG",31,"auto","remove",0.84,26.05,21.882,21.882,4,4,8,8,599.999,744.430266668611
"m240l","M240L","LMG",35,"auto","remove",0.84,26.05,21.882,21.882,4,4,8,8,599.999,750.522244425545
"m240l","M240L","LMG",36,"auto","remove",0.84,26.05,21.882,21.882,4,4,8,8,599.999,752.0585666686111
"m240l","M240L","LMG",37,"auto","remove",0.84,26.05,21.882,21.882,4,4,8,8,599.999,753.6003570011502
"m240l","M240L","LMG",50,"auto","remove",0.84,26.05,21.882,21.882,4,4,8,8,599.999,774.1419666686111
"m240l","M240L","LMG",60,"auto","remove",0.84,26.05,21.882,21.882,4,4,8,8,599.999,790.5915666686111
"m240l","M240L","LMG",74,"auto","remove",0.84,26.05,21.882,21.882,4,4,8,8,599.999,814.6101237641909
"m240l","M240L","LMG",75,"auto","remove",0.84,26.05,21.882,21.882,4,4,8,8,599.999,816.3711666686111
"m240l","M240L","LMG",76,"auto","remove",0.84,20.67,21.882,21.882,4,4,9,9,599.999,918.1385919852659
"m240l","M240L","LMG",83,"auto","remove",0.84,20.67,21.882,21.882,4,4,9,9,599.999,930.6839333355555
"m240l","M240L","LMG",85,"auto","remove",0.84,20.67,21.882,21.882,4,4,9,9,599.999,934.3251849939294
"m240l","M240L","LMG",100,"auto","remove",0.84,20.67,17.3628,17.3628,5,5,10,10,599.999,1062.4622670477634
"m240l","M240L","LMG",120,"auto","remove",0.84,20.67,17.3628,17.3628,5,5,10,10,599.999,1102.351395570879
"m240l","M240L","LMG",150,"auto","remove",0.84,20.67,17.3628,17.3628,5,5,10,10,599.999,1167.6730830143595
"m240l","M240L","LMG",200,"auto","remove",0.84,20.67,17.3628,17.3628,5,5,10,10,599.999,1293.0051000025
"m240l","M240L","LMG",250,"auto","remove",0.84,20.67,17.3628,17.3628,5,5,10,10,599.999,1442.3063000025
"m240l","M240L","LMG",300,"auto","remove",0.84,20.67,17.3628,17.3628,5,5,10,10,599.999,1620.1609000025
"m121a2","M121 A2","LMG",1,"auto","remove",0.84,35.22,21.882,21.882,4,4,7,7,654.545,551.4314562925017
"m121a2","M121 A2","LMG",5,"auto","remove",0.84,35.22,21.882,21.882,4,4,7,7,654.545,557.2060819447097
"m121a2","M121 A2","LMG",9,"auto","remove",0.84,35.22,21.882,21.882,4,4,7,7,654.545,563.0621679021162
"m121a2","M121 A2","LMG",10,"auto","remove",0.84,35.22,21.882,21.882,4,4,7,7,654.545,564.5390385976172
"m121a2","M121 A2","LMG",11,"auto","remove",0.84,35.22,21.882,21.882,4,4,7,7,654.545,566.0210819447097
"m121a2","M121 A2","LMG",20,"auto","remove",0.84,35.22,21.882,21.882,4,4,7,7,654.545,579.5955579668389
"m121a2","M121 A2","LMG",21,"auto","remove",0.84,35.22,21.882,21.882,4,4,7,7,654.545,581.1303819447097
"m121a2","M121 A2","LMG",25,"auto","remove",0.84,26.05,21.882,21.882,4,4,8,8,654.545,678.9904855108491
"m121a2","M121 A2","LMG",30,"auto","remove",0.84,26.05,21.882,21.882,4,4,8,8,654.545,686.855112268828
"m121a2","M121 A2","LMG",31,"auto","remove",0.84,26.05,21.882,21.882,4,4,8,8,654.545,688.444612268828
"m121a2","M121 A2","LMG",35,"auto","remove",0.84,26.05,21.882,21.882,4,4,8,8,654.545,694.858589850057
"m121a2","M121 A2","LMG",36,"auto","remove",0.84,26.05,21.882,21.882,4,4,8,8,654.545,696.4761122688279
"m121a2","M121 A2","LMG",37,"auto","remove",0.84,26.05,21.882,21.882,4,4,8,8,654.545,698.0994026618014
"m121a2","M121 A2","LMG",50,"auto","remove",0.84,26.05,21.882,21.882,4,4,8,8,654.545,719.72679251877
"m121a2","M121 A2","LMG",60,"auto","remove",0.84,26.05,21.882,21.882,4,4,8,8,654.545,737.0459122511721
"m121a2","M121 A2","LMG",74,"auto","remove",0.84,26.05,21.882,21.882,4,4,8,8,654.545,762.333971382317
"m121a2","M121 A2","LMG",75,"auto","remove",0.84,26.05,21.882,21.882,4,4,8,8,654.545,764.1881122688279
"m121a2","M121 A2","LMG",76,"auto","remove",0.84,20.67,21.882,21.882,4,4,9,9,654.545,857.7154991998557
"m121a2","M121 A2","LMG",83,"auto","remove",0.84,20.67,21.882,21.882,4,4,9,9,654.545,870.9239931442796
"m121a2","M121 A2","LMG",85,"auto","remove",0.84,20.67,21.882,21.882,4,4,9,9,654.545,874.7576425929464
"m121a2","M121 A2","LMG",100,"auto","remove",0.84,20.67,17.3628,17.3628,5,5,10,10,654.545,996.0485519347205
"m121a2","M121 A2","LMG",120,"auto","remove",0.84,20.67,17.3628,17.3628,5,5,10,10,654.545,1038.0460729170645
"m121a2","M121 A2","LMG",150,"auto","remove",0.84,20.67,17.3628,17.3628,5,5,10,10,654.545,1106.8204729170645
"m121a2","M121 A2","LMG",200,"auto","remove",0.84,20.67,17.3628,17.3628,5,5,10,10,654.545,1238.7771729170645
"m121a2","M121 A2","LMG",250,"auto","remove",0.84,20.67,17.3628,17.3628,5,5,10,10,654.545,1395.9700729170645
"m121a2","M121 A2","LMG",300,"auto","remove",0.84,20.67,17.3628,17.3628,5,5,10,10,654.545,1583.2254729170645
"rpk74m","RPK-74M","LMG",1,"auto","remove",0.84,20.67,14.389199999999999,14.389199999999999,6,6,11,11,685.714,875.9921645834852
"rpk74m","RPK-74M","LMG",5,"auto","remove",0.84,20.67,14.389199999999999,14.389199999999999,6,6,11,11,685.714,879.9944302555535
"rpk74m","RPK-74M","LMG",9,"auto","remove",0.84,20.67,14.389199999999999,14.389199999999999,6,6,11,11,685.714,884.0530645834851
"rpk74m","RPK-74M","LMG",10,"auto","remove",0.84,20.67,14.389199999999999,14.389199999999999,6,6,11,11,685.714,885.076661273619
"rpk74m","RPK-74M","LMG",11,"auto","remove",0.84,20.67,14.389199999999999,14.389199999999999,6,6,11,11,685.714,886.1038238078088
"rpk74m","RPK-74M","LMG",20,"auto","remove",0.84,20.67,14.389199999999999,14.389199999999999,6,6,11,11,685.714,895.5118645834851
"rpk74m","RPK-74M","LMG",21,"auto","remove",0.84,20.67,14.389199999999999,14.389199999999999,6,6,11,11,685.714,896.5756224821815
"rpk74m","RPK-74M","LMG",25,"auto","remove",0.84,17.13,14.389199999999999,14.389199999999999,6,6,12,12,685.714,988.3680854669968
"rpk74m","RPK-74M","LMG",30,"auto","remove",0.84,17.13,14.389199999999999,14.389199999999999,6,6,12,12,685.714,993.8188010418337
"rpk74m","RPK-74M","LMG",31,"auto","remove",0.84,17.13,14.389199999999999,14.389199999999999,6,6,12,12,685.714,994.9204600342923
"rpk74m","RPK-74M","LMG",35,"auto","remove",0.84,17.13,14.389199999999999,14.389199999999999,6,6,12,12,685.714,999.3657815436756
"rpk74m","RPK-74M","LMG",36,"auto","remove",0.84,17.13,14.389199999999999,14.389199999999999,6,6,12,12,685.714,1000.4868701459426
"rpk74m","RPK-74M","LMG",37,"auto","remove",0.84,17.13,14.389199999999999,14.389199999999999,6,6,12,12,685.714,1001.6118894330034
"rpk74m","RPK-74M","LMG",50,"auto","remove",0.84,17.13,14.389199999999999,14.389199999999999,6,6,12,12,685.714,1016.6011695318925
"rpk74m","RPK-74M","LMG",60,"auto","remove",0.84,17.13,14.389199999999999,14.389199999999999,6,6,12,12,685.714,1028.6045010418336
"rpk74m","RPK-74M","LMG",74,"auto","remove",0.84,17.13,14.389199999999999,14.389199999999999,6,6,12,12,685.714,1046.1308974571232
"rpk74m","RPK-74M","LMG",75,"auto","remove",0.84,17.13,14.389199999999999,14.389199999999999,6,6,12,12,685.714,1047.4159010418336
"rpk74m","RPK-74M","LMG",76,"auto","remove",0.84,14.62,14.389199999999999,14.389199999999999,6,6,13,13,685.714,1136.2055375001821
"rpk74m","RPK-74M","LMG",83,"auto","remove",0.84,14.62,14.389199999999999,14.389199999999999,6,6,13,13,685.714,1145.3599375001822
"rpk74m","RPK-74M","LMG",85,"auto","remove",0.84,14.62,14.389199999999999,14.389199999999999,6,6,13,13,685.714,1148.0169375001822
"rpk74m","RPK-74M","LMG",100,"auto","remove",0.84,14.62,12.2808,12.2808,7,7,14,14,685.714,1256.0485739585306
"rpk74m","RPK-74M","LMG",120,"auto","remove",0.84,14.62,12.2808,12.2808,7,7,14,14,685.714,1285.1557739585305
"rpk74m","RPK-74M","LMG",150,"auto","remove",0.84,14.62,12.2808,12.2808,7,7,14,14,685.714,1332.8211739585306
"rpk74m","RPK-74M","LMG",200,"auto","remove",0.84,14.62,12.2808,12.2808,7,7,14,14,685.714,1424.2763739585307
"rpk74m","RPK-74M","LMG",250,"auto","remove",0.84,14.62,12.2808,12.2808,7,7,14,14,685.714,1533.2218739585305
"rpk74m","RPK-74M","LMG",300,"auto","remove",0.84,14.62,12.2808,12.2808,7,7,14,14,685.714,1663.0028739585305
"m39emr","M39 EMR","DMR",1,"semi","remove",0.91,41.5,37.765,37.765,3,3,6,6,257.142,1167.7242555685186
"m39emr","M39 EMR","DMR",5,"semi","remove",0.91,41.5,37.765,37.765,3,3,6,6,257.142,1171.9601555685188
"m39emr","M39 EMR","DMR",9,"semi","remove",0.91,41.5,37.765,37.765,3,3,6,6,257.142,1176.2300555685188
"m39emr","M39 EMR","DMR",10,"semi","remove",0.91,41.5,37.765,37.765,3,3,6,6,257.142,1177.3028555685187
"m39emr","M39 EMR","DMR",11,"semi","remove",0.91,41.5,37.765,37.765,3,3,6,6,257.142,1178.3778555685187
"m39emr","M39 EMR","DMR",20,"semi","remove",0.91,41.5,37.765,37.765,3,3,6,6,257.142,1188.1499555685186
"m39emr","M39 EMR","DMR",21,"semi","remove",0.91,41.5,37.765,37.765,3,3,6,6,257.142,1189.2465555685187
"m39emr","M39 EMR","DMR",25,"semi","remove",0.91,37.6,37.765,37.765,3,3,6,6,257.142,1193.6553555685186
"m39emr","M39 EMR","DMR",30,"semi","remove",0.91,37.6,37.765,37.765,3,3,6,6,257.142,1199.2161555685186
"m39emr","M39 EMR","DMR",31,"semi","remove",0.91,37.6,37.765,37.765,3,3,6,6,257.142,1200.3349555685186
"m39emr","M39 EMR","DMR",35,"semi","remove",0.91,37.6,34.216,34.216,3,3,6,6,257.142,1204.8327555685187
"m39emr","M39 EMR","DMR",36,"semi","remove",0.91,37.6,34.216,34.216,3,3,6,6,257.142,1205.9628555685188
"m39emr","M39 EMR","DMR",37,"semi","remove",0.91,37.6,34.216,34.216,3,3,6,6,257.142,1207.0951555685187
"m39emr","M39 EMR","DMR",50,"semi","remove",0.91,37.6,34.216,34.216,3,3,6,6,257.142,1222.0236555685187
"m39emr","M39 EMR","DMR",60,"semi","remove",0.91,37.6,34.216,34.216,3,3,6,6,257.142,1233.7741555685186
"m39emr","M39 EMR","DMR",74,"semi","remove",0.91,37.6,34.216,34.216,3,3,6,6,257.142,1250.6247555685186
"m39emr","M39 EMR","DMR",75,"semi","remove",0.91,37.6,34.216,34.216,3,3,6,6,257.142,1251.8464555685186
"m39emr","M39 EMR","DMR",76,"semi","remove",0.91,34.4,34.216,34.216,3,3,6,6,257.142,1253.0706555685188
"m39emr","M39 EMR","DMR",83,"semi","remove",0.91,34.4,34.216,34.216,3,3,6,6,257.142,1261.7090555685186
"m39emr","M39 EMR","DMR",85,"semi","remove",0.91,34.4,34.216,34.216,3,3,6,6,257.142,1264.1994555685187
"m39emr","M39 EMR","DMR",100,"semi","remove",0.91,34.4,31.304,31.304,3,3,6,6,257.142,1283.1983555685188
"m39emr","M39 EMR","DMR",120,"semi","remove",0.91,34.4,31.304,31.304,3,3,6,6,257.142,1309.4332555685187
"m39emr","M39 EMR","DMR",150,"semi","remove",0.91,34.4,31.304,31.304,3,3,6,6,257.142,1350.8067555685186
"m39emr","M39 EMR","DMR",200,"semi","remove",0.91,34.4,31.304,31.304,3,3,6,6,257.142,1425.5256555685187
"m39emr","M39 EMR","DMR",250,"semi","remove",0.91,34.4,31.304,31.304,3,3,6,6,257.142,1508.1027555685187
"m39emr","M39 EMR","DMR",300,"semi","remove",0.91,34.4,31.304,31.304,3,3,6,6,257.142,1599.3646555685186
"lmr27","LMR27","DMR",1,"semi","remove",0.91,29.4,26.754,26.754,3,3,7,7,449.999,801.0027777817284
"lmr27","LMR27","DMR",5,"semi","remove",0.91,29.4,26.754,26.754,3,3,7,7,449.999,805.0268777817283
"lmr27","LMR27","DMR",9,"semi","remove",0.91,29.4,26.754,26.754,3,3,7,7,449.999,809.0832777817284
"lmr27","LMR27","DMR",10,"semi","remove",0.91,29.4,26.754,26.754,3,3,7,7,449.999,810.1024777817283
"lmr27","LMR27","DMR",11,"semi","remove",0.91,29.4,26.754,26.754,3,3,7,7,449.999,811.1236777817284
"lmr27","LMR27","DMR",20,"semi","remove",0.91,29.4,26.754,26.754,3,3,7,7,449.999,820.4071777817284
"lmr27","LMR27","DMR",21,"semi","remove",0.91,29.4,26.754,26.754,3,3,7,7,449.999,821.4489777817283
"lmr27","LMR27","DMR",25,"semi","remove",0.91,27.5,26.754,26.754,3,3,7,7,449.999,825.6372777817284
"lmr27","LMR27","DMR",30,"semi","remove",0.91,27.5,26.754,26.754,3,3,7,7,449.999,830.9200777817284
"lmr27","LMR27","DMR",31,"semi","remove",0.91,27.5,26.754,26.754,3,3,7,7,449.999,831.9829777817283
"lmr27","LMR27","DMR",35,"semi","remove",0.91,27.5,25.025000000000002,25.025000000000002,4,4,8,8,449.999,969.5895074120164
"lmr27","LMR27","DMR",36,"semi","remove",0.91,27.5,25.025000000000002,25.025000000000002,4,4,8,8,449.999,970.6631074120164
"lmr27","LMR27","DMR",37,"semi","remove",0.91,27.5,25.025000000000002,25.025000000000002,4,4,8,8,449.999,971.7388074120164
"lmr27","LMR27","DMR",50,"semi","remove",0.91,27.5,25.025000000000002,25.025000000000002,4,4,8,8,449.999,985.9209074120164
"lmr27","LMR27","DMR",60,"semi","remove",0.91,27.5,25.025000000000002,25.025000000000002,4,4,8,8,449.999,997.0838074120163
"lmr27","LMR27","DMR",74,"semi","remove",0.91,27.5,25.025000000000002,25.025000000000002,4,4,8,8,449.999,1013.0918074120164
"lmr27","LMR27","DMR",75,"semi","remove",0.91,27.5,25.025000000000002,25.025000000000002,4,4,8,8,449.999,1014.2525074120164
"lmr27","LMR27","DMR",76,"semi","remove",0.91,26.2,25.025000000000002,25.025000000000002,4,4,8,8,449.999,1015.4155074120164
"lmr27","LMR27","DMR",83,"semi","remove",0.91,26.2,25.025000000000002,25.025000000000002,4,4,8,8,449.999,1023.6220074120164
"lmr27","LMR27","DMR",85,"semi","remove",0.91,26.2,25.025000000000002,25.025000000000002,4,4,8,8,449.999,1025.9878074120163
"lmr27","LMR27","DMR",100,"semi","remove",0.91,26.2,23.842,23.842,4,4,8,8,449.999,1044.0368074120163
"lmr27","LMR27","DMR",120,"semi","remove",0.91,26.2,23.842,23.842,4,4,8,8,449.999,1068.9600074120162
"lmr27","LMR27","DMR",150,"semi","remove",0.91,26.2,23.842,23.842,4,4,8,8,449.999,1108.2648074120164
"lmr27","LMR27","DMR",200,"semi","remove",0.91,26.2,23.842,23.842,4,4,8,8,449.999,1179.2477074120163
"lmr27","LMR27","DMR",250,"semi","remove",0.91,26.2,23.842,23.842,4,4,8,8,449.999,1257.6960074120163
"lmr27","LMR27","DMR",300,"semi","remove",0.91,26.2,23.842,23.842,4,4,8,8,449.999,1344.3948074120162
"svk86","SVK-8.6","DMR",1,"semi","remove",0.91,66.7,60.697,60.697,2,2,4,4,149.999,1201.1856000533337
"svk86","SVK-8.6","DMR",5,"semi","remove",0.91,66.7,60.697,60.697,2,2,4,4,149.999,1205.9199000533338
"svk86","SVK-8.6","DMR",9,"semi","remove",0.91,66.7,60.697,60.697,2,2,4,4,149.999,1210.6921000533337
"svk86","SVK-8.6","DMR",10,"semi","remove",0.91,57.2,60.697,60.697,2,2,4,4,149.999,1211.8911000533337
"svk86","SVK-8.6","DMR",11,"semi","remove",0.91,57.2,60.697,60.697,2,2,4,4,149.999,1213.0926000533336
"svk86","SVK-8.6","DMR",20,"semi","remove",0.91,57.2,52.05200000000001,52.05200000000001,2,2,4,4,149.999,1224.0143000533337
"svk86","SVK-8.6","DMR",21,"semi","remove",0.91,57.2,52.05200000000001,52.05200000000001,2,2,4,4,149.999,1225.2400000533337
"svk86","SVK-8.6","DMR",25,"semi","remove",0.91,52.4,52.05200000000001,52.05200000000001,2,2,4,4,149.999,1230.1675000533337
"svk86","SVK-8.6","DMR",30,"semi","remove",0.91,52.4,52.05200000000001,52.05200000000001,2,2,4,4,149.999,1236.3824000533336
"svk86","SVK-8.6","DMR",31,"semi","remove",0.91,52.4,52.05200000000001,52.05200000000001,2,2,4,4,149.999,1237.6329000533337
"svk86","SVK-8.6","DMR",35,"semi","remove",0.91,52.4,47.684,47.684,2,2,4,4,149.999,1242.6599000533338
"svk86","SVK-8.6","DMR",36,"semi","remove",0.91,52.4,47.684,47.684,2,2,4,4,149.999,1243.9229000533337
"svk86","SVK-8.6","DMR",37,"semi","remove",0.91,52.4,47.684,47.684,2,2,4,4,149.999,1245.1885000533337
"svk86","SVK-8.6","DMR",50,"semi","remove",0.91,52.4,47.684,47.684,2,2,4,4,149.999,1261.8732000533337
"svk86","SVK-8.6","DMR",60,"semi","remove",0.91,52.4,47.684,47.684,2,2,4,4,149.999,1275.0061000533337
"svk86","SVK-8.6","DMR",74,"semi","remove",0.91,52.4,47.684,47.684,2,2,4,4,149.999,1293.8391000533338
"svk86","SVK-8.6","DMR",75,"semi","remove",0.91,52.4,47.684,47.684,2,2,4,4,149.999,1295.2046000533337
"svk86","SVK-8.6","DMR",76,"semi","remove",0.91,52.4,47.684,47.684,2,2,4,4,149.999,1296.5728000533338
"svk86","SVK-8.6","DMR",83,"semi","remove",0.91,52.4,47.684,47.684,2,2,4,4,149.999,1306.2275000533336
"svk86","SVK-8.6","DMR",85,"semi","remove",0.91,52.4,47.684,47.684,2,2,4,4,149.999,1309.0109000533337
"svk86","SVK-8.6","DMR",100,"semi","remove",0.91,52.4,47.684,47.684,2,2,4,4,149.999,1330.2449000533338
"svk86","SVK-8.6","DMR",120,"semi","remove",0.91,52.4,47.684,47.684,2,2,4,4,149.999,1359.5663000533336
"svk86","SVK-8.6","DMR",150,"semi","remove",0.91,52.4,47.684,47.684,2,2,4,4,149.999,1405.8073000533336
"svk86","SVK-8.6","DMR",200,"semi","remove",0.91,52.4,47.684,47.684,2,2,4,4,149.999,1489.3166000533338
"svk86","SVK-8.6","DMR",250,"semi","remove",0.91,52.4,47.684,47.684,2,2,4,4,149.999,1581.6087000533337
"svk86","SVK-8.6","DMR",300,"semi","remove",0.91,52.4,47.684,47.684,2,2,4,4,149.999,1683.6073000533338
"svdm","SVDM","DMR",1,"semi","remove",0.91,41.5,37.765,37.765,3,3,6,6,299.999,1001.0570333444444
"svdm","SVDM","DMR",5,"semi","remove",0.91,41.5,37.765,37.765,3,3,6,6,299.999,1005.2929333444444
"svdm","SVDM","DMR",9,"semi","remove",0.91,41.5,37.765,37.765,3,3,6,6,299.999,1009.5628333444444
"svdm","SVDM","DMR",10,"semi","remove",0.91,41.5,37.765,37.765,3,3,6,6,299.999,1010.6356333444444
"svdm","SVDM","DMR",11,"semi","remove",0.91,41.5,37.765,37.765,3,3,6,6,299.999,1011.7106333444444
"svdm","SVDM","DMR",20,"semi","remove",0.91,41.5,37.765,37.765,3,3,6,6,299.999,1021.4827333444443
"svdm","SVDM","DMR",21,"semi","remove",0.91,41.5,37.765,37.765,3,3,6,6,299.999,1022.5793333444444
"svdm","SVDM","DMR",25,"semi","remove",0.91,37.6,37.765,37.765,3,3,6,6,299.999,1026.9881333444443
"svdm","SVDM","DMR",30,"semi","remove",0.91,37.6,37.765,37.765,3,3,6,6,299.999,1032.5489333444443
"svdm","SVDM","DMR",31,"semi","remove",0.91,37.6,37.765,37.765,3,3,6,6,299.999,1033.6677333444445
"svdm","SVDM","DMR",35,"semi","remove",0.91,37.6,34.216,34.216,3,3,6,6,299.999,1038.1655333444444
"svdm","SVDM","DMR",36,"semi","remove",0.91,37.6,34.216,34.216,3,3,6,6,299.999,1039.2956333444445
"svdm","SVDM","DMR",37,"semi","remove",0.91,37.6,34.216,34.216,3,3,6,6,299.999,1040.4279333444445
"svdm","SVDM","DMR",50,"semi","remove",0.91,37.6,34.216,34.216,3,3,6,6,299.999,1055.3564333444444
"svdm","SVDM","DMR",60,"semi","remove",0.91,37.6,34.216,34.216,3,3,6,6,299.999,1067.1069333444443
"svdm","SVDM","DMR",74,"semi","remove",0.91,37.6,34.216,34.216,3,3,6,6,299.999,1083.9575333444443
"svdm","SVDM","DMR",75,"semi","remove",0.91,37.6,34.216,34.216,3,3,6,6,299.999,1085.1792333444444
"svdm","SVDM","DMR",76,"semi","remove",0.91,34.4,34.216,34.216,3,3,6,6,299.999,1086.4034333444445
"svdm","SVDM","DMR",83,"semi","remove",0.91,34.4,34.216,34.216,3,3,6,6,299.999,1095.0418333444445
"svdm","SVDM","DMR",85,"semi","remove",0.91,34.4,34.216,34.216,3,3,6,6,299.999,1097.5322333444444
"svdm","SVDM","DMR",100,"semi","remove",0.91,34.4,31.304,31.304,3,3,6,6,299.999,1116.5311333444445
"svdm","SVDM","DMR",120,"semi","remove",0.91,34.4,31.304,31.304,3,3,6,6,299.999,1142.7660333444444
"svdm","SVDM","DMR",150,"semi","remove",0.91,34.4,31.304,31.304,3,3,6,6,299.999,1184.1395333444443
"svdm","SVDM","DMR",200,"semi","remove",0.91,34.4,31.304,31.304,3,3,6,6,299.999,1258.8584333444444
"svdm","SVDM","DMR",250,"semi","remove",0.91,34.4,31.304,31.304,3,3,6,6,299.999,1341.4355333444444
"svdm","SVDM","DMR",300,"semi","remove",0.91,34.4,31.304,31.304,3,3,6,6,299.999,1432.6974333444443
"grtcps","GRT-CPS","DMR",1,"semi","remove",0.91,29.4,26.754,26.754,3,3,7,7,359.999,1001.0564777854938
"grtcps","GRT-CPS","DMR",5,"semi","remove",0.91,29.4,26.754,26.754,3,3,7,7,359.999,1005.2923777854937
"grtcps","GRT-CPS","DMR",9,"semi","remove",0.91,29.4,26.754,26.754,3,3,7,7,359.999,1009.5622777854937
"grtcps","GRT-CPS","DMR",10,"semi","remove",0.91,29.4,26.754,26.754,3,3,7,7,359.999,1010.6350777854938
"grtcps","GRT-CPS","DMR",11,"semi","remove",0.91,29.4,26.754,26.754,3,3,7,7,359.999,1011.7100777854938
"grtcps","GRT-CPS","DMR",20,"semi","remove",0.91,29.4,26.754,26.754,3,3,7,7,359.999,1021.4821777854938
"grtcps","GRT-CPS","DMR",21,"semi","remove",0.91,29.4,26.754,26.754,3,3,7,7,359.999,1022.5787777854938
"grtcps","GRT-CPS","DMR",25,"semi","remove",0.91,27.5,26.754,26.754,3,3,7,7,359.999,1026.9875777854938
"grtcps","GRT-CPS","DMR",30,"semi","remove",0.91,27.5,26.754,26.754,3,3,7,7,359.999,1032.5483777854938
"grtcps","GRT-CPS","DMR",31,"semi","remove",0.91,27.5,26.754,26.754,3,3,7,7,359.999,1033.6671777854938
"grtcps","GRT-CPS","DMR",35,"semi","remove",0.91,27.5,25.025000000000002,25.025000000000002,4,4,8,8,359.999,1204.8321074164094
"grtcps","GRT-CPS","DMR",36,"semi","remove",0.91,27.5,25.025000000000002,25.025000000000002,4,4,8,8,359.999,1205.9622074164095
"grtcps","GRT-CPS","DMR",37,"semi","remove",0.91,27.5,25.025000000000002,25.025000000000002,4,4,8,8,359.999,1207.0945074164094
"grtcps","GRT-CPS","DMR",50,"semi","remove",0.91,27.5,25.025000000000002,25.025000000000002,4,4,8,8,359.999,1222.0230074164094
"grtcps","GRT-CPS","DMR",60,"semi","remove",0.91,27.5,25.025000000000002,25.025000000000002,4,4,8,8,359.999,1233.7735074164093
"grtcps","GRT-CPS","DMR",74,"semi","remove",0.91,27.5,25.025000000000002,25.025000000000002,4,4,8,8,359.999,1250.6241074164093
"grtcps","GRT-CPS","DMR",75,"semi","remove",0.91,27.5,25.025000000000002,25.025000000000002,4,4,8,8,359.999,1251.8458074164093
"grtcps","GRT-CPS","DMR",76,"semi","remove",0.91,26.2,25.025000000000002,25.025000000000002,4,4,8,8,359.999,1253.0700074164095
"grtcps","GRT-CPS","DMR",83,"semi","remove",0.91,26.2,25.025000000000002,25.025000000000002,4,4,8,8,359.999,1261.7084074164095
"grtcps","GRT-CPS","DMR",85,"semi","remove",0.91,26.2,25.025000000000002,25.025000000000002,4,4,8,8,359.999,1264.1988074164094
"grtcps","GRT-CPS","DMR",100,"semi","remove",0.91,26.2,23.842,23.842,4,4,8,8,359.999,1283.1977074164095
"grtcps","GRT-CPS","DMR",120,"semi","remove",0.91,26.2,23.842,23.842,4,4,8,8,359.999,1309.4326074164094
"grtcps","GRT-CPS","DMR",150,"semi","remove",0.91,26.2,23.842,23.842,4,4,8,8,359.999,1350.8061074164093
"grtcps","GRT-CPS","DMR",200,"semi","remove",0.91,26.2,23.842,23.842,4,4,8,8,359.999,1425.5250074164094
"grtcps","GRT-CPS","DMR",250,"semi","remove",0.91,26.2,23.842,23.842,4,4,8,8,359.999,1508.1021074164094
"grtcps","GRT-CPS","DMR",300,"semi","remove",0.91,26.2,23.842,23.842,4,4,8,8,359.999,1599.3640074164093
"vssm","VSSM","DMR",1,"auto","remove",0.91,35.22,25.006800000000002,25.006800000000002,4,4,7,7,799.999,453.3041625007031
"vssm","VSSM","DMR",5,"auto","remove",0.91,35.22,25.006800000000002,25.006800000000002,4,4,7,7,799.999,466.5849625007031
"vssm","VSSM","DMR",9,"auto","remove",0.91,35.22,25.006800000000002,25.006800000000002,4,4,7,7,799.999,479.9724625007031
"vssm","VSSM","DMR",10,"auto","remove",0.91,27.48,25.006800000000002,25.006800000000002,4,4,8,8,799.999,558.3361562508203
"vssm","VSSM","DMR",11,"auto","remove",0.91,27.48,25.006800000000002,25.006800000000002,4,4,8,8,799.999,561.7065562508203
"vssm","VSSM","DMR",20,"auto","remove",0.91,27.48,25.006800000000002,25.006800000000002,4,4,8,8,799.999,592.3451562508203
"vssm","VSSM","DMR",21,"auto","remove",0.91,27.48,25.006800000000002,25.006800000000002,4,4,8,8,799.999,595.7836562508203
"vssm","VSSM","DMR",25,"auto","remove",0.91,21.56,25.006800000000002,25.006800000000002,4,4,9,9,799.999,684.6065500009375
"vssm","VSSM","DMR",30,"auto","remove",0.91,21.56,25.006800000000002,25.006800000000002,4,4,9,9,799.999,702.0412500009375
"vssm","VSSM","DMR",31,"auto","remove",0.91,21.56,25.006800000000002,25.006800000000002,4,4,9,9,799.999,705.5491500009375
"vssm","VSSM","DMR",35,"auto","remove",0.91,21.56,19.6196,19.6196,5,5,10,10,799.999,794.6513437510546
"vssm","VSSM","DMR",36,"auto","remove",0.91,21.56,19.6196,19.6196,5,5,10,10,799.999,798.1944437510547
"vssm","VSSM","DMR",37,"auto","remove",0.91,20.67,19.6196,19.6196,5,5,10,10,799.999,801.7447437510546
"vssm","VSSM","DMR",50,"auto","remove",0.91,20.67,18.809700000000003,18.809700000000003,5,5,10,10,799.999,848.5502437510546
"vssm","VSSM","DMR",60,"auto","remove",0.91,20.67,18.809700000000003,18.809700000000003,5,5,10,10,799.999,885.3916437510546
"vssm","VSSM","DMR",74,"auto","remove",0.91,20.67,18.809700000000003,18.809700000000003,5,5,10,10,799.999,938.2234437510547
"vssm","VSSM","DMR",75,"auto","remove",0.91,20.67,18.809700000000003,18.809700000000003,5,5,10,10,799.999,942.0540437510547
"vssm","VSSM","DMR",76,"auto","remove",0.91,20.67,18.809700000000003,18.809700000000003,5,5,10,10,799.999,945.8923437510546
"vssm","VSSM","DMR",83,"auto","remove",0.91,20.67,18.809700000000003,18.809700000000003,5,5,10,10,799.999,972.9762437510547
"vssm","VSSM","DMR",85,"auto","remove",0.91,20.67,18.809700000000003,18.809700000000003,5,5,10,10,799.999,980.7844437510546
"vssm","VSSM","DMR",100,"auto","remove",0.91,20.67,18.809700000000003,18.809700000000003,5,5,10,10,799.999,1040.3519437510545
"vssm","VSSM","DMR",120,"auto","remove",0.91,20.67,18.809700000000003,18.809700000000003,5,5,10,10,799.999,1122.6067437510546
"vssm","VSSM","DMR",150,"auto","remove",0.91,20.67,18.809700000000003,18.809700000000003,5,5,10,10,799.999,1252.3256437510545
"vssm","VSSM","DMR",200,"auto","remove",0.91,20.67,18.809700000000003,18.809700000000003,5,5,10,10,799.999,1486.5927437510545
"vssm","VSSM","DMR",250,"auto","remove",0.91,20.67,18.809700000000003,18.809700000000003,5,5,10,10,799.999,1745.4979437510547
"vssm","VSSM","DMR",300,"auto","remove",0.91,20.67,18.809700000000003,18.809700000000003,5,5,10,10,799.999,2031.6325437510545
"m2010esr","M2010 ESR","Sniper Rifle",1,"bolt","remove",0.67,80,53.6,53.6,2,2,4,4,44.0816018658339,4084.3898851923004
"m2010esr","M2010 ESR","Sniper Rifle",5,"bolt","remove",0.67,80,53.6,53.6,2,2,4,4,44.0816018658339,4088.6257851923006
"m2010esr","M2010 ESR","Sniper Rifle",9,"bolt","remove",0.67,80,53.6,53.6,2,2,4,4,44.0816018658339,4092.8956851923003
"m2010esr","M2010 ESR","Sniper Rifle",10,"bolt","remove",0.67,80,53.6,53.6,2,2,4,4,44.0816018658339,4093.9684851923007
"m2010esr","M2010 ESR","Sniper Rifle",11,"bolt","remove",0.67,80,53.6,53.6,2,2,4,4,44.0816018658339,4095.0434851923005
"m2010esr","M2010 ESR","Sniper Rifle",20,"bolt","remove",0.67,80,53.6,53.6,2,2,4,4,44.0816018658339,4104.8155851923
"m2010esr","M2010 ESR","Sniper Rifle",21,"bolt","remove",0.67,80,53.6,53.6,2,2,4,4,44.0816018658339,4105.9121851923
"m2010esr","M2010 ESR","Sniper Rifle",25,"bolt","remove",0.67,80,53.6,53.6,2,2,4,4,44.0816018658339,4110.3209851923
"m2010esr","M2010 ESR","Sniper Rifle",30,"bolt","remove",0.67,80,53.6,53.6,2,2,4,4,44.0816018658339,4115.8817851923
"m2010esr","M2010 ESR","Sniper Rifle",31,"bolt","remove",0.67,80,53.6,53.6,2,2,4,4,44.0816018658339,4117.000585192301
"m2010esr","M2010 ESR","Sniper Rifle",35,"bolt","remove",0.67,80,53.6,53.6,2,2,4,4,44.0816018658339,4121.498385192301
"m2010esr","M2010 ESR","Sniper Rifle",36,"bolt","remove",0.67,80,53.6,53.6,2,2,4,4,44.0816018658339,4122.6284851923
"m2010esr","M2010 ESR","Sniper Rifle",37,"bolt","remove",0.67,80,53.6,53.6,2,2,4,4,44.0816018658339,4123.7607851923
"m2010esr","M2010 ESR","Sniper Rifle",50,"bolt","remove",0.67,80,53.6,53.6,2,2,4,4,44.0816018658339,4138.6892851923
"m2010esr","M2010 ESR","Sniper Rifle",60,"bolt","remove",0.67,85.7143,53.6,53.6,2,2,4,4,44.0816018658339,4150.4397851923
"m2010esr","M2010 ESR","Sniper Rifle",74,"bolt","remove",0.67,99.0476,59.98095238095238,59.98095238095238,2,2,4,4,44.0816018658339,4167.2903851923
"m2010esr","M2010 ESR","Sniper Rifle",75,"bolt","remove",0.67,100,60.61904761904763,60.61904761904763,2,2,3,3,44.0816018658339,2807.4000234615337
"m2010esr","M2010 ESR","Sniper Rifle",76,"bolt","remove",0.67,100,61.25714285714286,61.25714285714286,2,2,3,3,44.0816018658339,2808.6242234615333
"m2010esr","M2010 ESR","Sniper Rifle",83,"bolt","remove",0.67,100,65.72380952380954,65.72380952380954,2,2,3,3,44.0816018658339,2817.2626234615336
"m2010esr","M2010 ESR","Sniper Rifle",85,"bolt","remove",0.67,100,67,67,2,2,3,3,44.0816018658339,2819.7530234615333
"m2010esr","M2010 ESR","Sniper Rifle",100,"bolt","remove",0.67,100,67,67,2,2,3,3,44.0816018658339,2838.7519234615334
"m2010esr","M2010 ESR","Sniper Rifle",120,"bolt","remove",0.67,76.9697,59.28484848484849,59.28484848484849,2,2,4,4,44.0816018658339,4226.0988851923
"m2010esr","M2010 ESR","Sniper Rifle",150,"bolt","remove",0.67,62,41.54,41.54,2,2,4,4,44.0816018658339,4267.472385192301
"m2010esr","M2010 ESR","Sniper Rifle",200,"bolt","remove",0.67,62,41.54,41.54,2,2,4,4,44.0816018658339,4342.191285192301
"m2010esr","M2010 ESR","Sniper Rifle",250,"bolt","remove",0.67,62,41.54,41.54,2,2,4,4,44.0816018658339,4424.7683851923
"m2010esr","M2010 ESR","Sniper Rifle",300,"bolt","remove",0.67,62,41.54,41.54,2,2,4,4,44.0816018658339,4516.030285192301
"sv98","SV-98","Sniper Rifle",1,"bolt","remove",0.67,80,53.6,53.6,2,2,4,4,37.67438355865456,4778.959822229629
"sv98","SV-98","Sniper Rifle",5,"bolt","remove",0.67,80,53.6,53.6,2,2,4,4,37.67438355865456,4783.694122229629
"sv98","SV-98","Sniper Rifle",9,"bolt","remove",0.67,80,53.6,53.6,2,2,4,4,37.67438355865456,4788.466322229629
"sv98","SV-98","Sniper Rifle",10,"bolt","remove",0.67,80,53.6,53.6,2,2,4,4,37.67438355865456,4789.665322229629
"sv98","SV-98","Sniper Rifle",11,"bolt","remove",0.67,80,53.6,53.6,2,2,4,4,37.67438355865456,4790.866822229629
"sv98","SV-98","Sniper Rifle",20,"bolt","remove",0.67,80,53.6,53.6,2,2,4,4,37.67438355865456,4801.788522229629
"sv98","SV-98","Sniper Rifle",21,"bolt","remove",0.67,80,53.6,53.6,2,2,4,4,37.67438355865456,4803.014222229629
"sv98","SV-98","Sniper Rifle",25,"bolt","remove",0.67,80,53.6,53.6,2,2,4,4,37.67438355865456,4807.941722229629
"sv98","SV-98","Sniper Rifle",30,"bolt","remove",0.67,80,53.6,53.6,2,2,4,4,37.67438355865456,4814.156622229629
"sv98","SV-98","Sniper Rifle",31,"bolt","remove",0.67,80,53.6,53.6,2,2,4,4,37.67438355865456,4815.407122229629
"sv98","SV-98","Sniper Rifle",35,"bolt","remove",0.67,80,53.6,53.6,2,2,4,4,37.67438355865456,4820.434122229629
"sv98","SV-98","Sniper Rifle",36,"bolt","remove",0.67,80,53.6,53.6,2,2,4,4,37.67438355865456,4821.697122229629
"sv98","SV-98","Sniper Rifle",37,"bolt","remove",0.67,81.1111,53.6,53.6,2,2,4,4,37.67438355865456,4822.962722229629
"sv98","SV-98","Sniper Rifle",50,"bolt","remove",0.67,95.5556,56.57777777777778,56.57777777777778,2,2,4,4,37.67438355865456,4839.647422229629
"sv98","SV-98","Sniper Rifle",60,"bolt","remove",0.67,100,64.02222222222223,64.02222222222223,2,2,3,3,37.67438355865456,3260.186248153086
"sv98","SV-98","Sniper Rifle",74,"bolt","remove",0.67,100,67,67,2,2,3,3,37.67438355865456,3279.019248153086
"sv98","SV-98","Sniper Rifle",75,"bolt","remove",0.67,100,67,67,2,2,3,3,37.67438355865456,3280.3847481530865
"sv98","SV-98","Sniper Rifle",76,"bolt","remove",0.67,98.48,67,67,2,2,4,4,37.67438355865456,4874.347022229629
"sv98","SV-98","Sniper Rifle",83,"bolt","remove",0.67,87.84,67,67,2,2,4,4,37.67438355865456,4884.001722229629
"sv98","SV-98","Sniper Rifle",85,"bolt","remove",0.67,84.8,67,67,2,2,4,4,37.67438355865456,4886.785122229629
"sv98","SV-98","Sniper Rifle",100,"bolt","remove",0.67,62,51.724000000000004,51.724000000000004,2,2,4,4,37.67438355865456,4908.019122229629
"sv98","SV-98","Sniper Rifle",120,"bolt","remove",0.67,62,41.54,41.54,2,2,4,4,37.67438355865456,4937.340522229629
"sv98","SV-98","Sniper Rifle",150,"bolt","remove",0.67,62,41.54,41.54,2,2,4,4,37.67438355865456,4983.581522229629
"sv98","SV-98","Sniper Rifle",200,"bolt","remove",0.67,62,41.54,41.54,2,2,4,4,37.67438355865456,5067.090822229629
"sv98","SV-98","Sniper Rifle",250,"bolt","remove",0.67,62,41.54,41.54,2,2,4,4,37.67438355865456,5159.382922229629
"sv98","SV-98","Sniper Rifle",300,"bolt","remove",0.67,62,41.54,41.54,2,2,4,4,37.67438355865456,5261.381522229629
"psr","PSR","Sniper Rifle",1,"bolt","remove",0.67,80,53.6,53.6,2,2,4,4,38.11762015220833,4723.403155562964
"psr","PSR","Sniper Rifle",5,"bolt","remove",0.67,80,53.6,53.6,2,2,4,4,38.11762015220833,4728.137455562964
"psr","PSR","Sniper Rifle",9,"bolt","remove",0.67,80,53.6,53.6,2,2,4,4,38.11762015220833,4732.909655562964
"psr","PSR","Sniper Rifle",10,"bolt","remove",0.67,80,53.6,53.6,2,2,4,4,38.11762015220833,4734.108655562964
"psr","PSR","Sniper Rifle",11,"bolt","remove",0.67,80,53.6,53.6,2,2,4,4,38.11762015220833,4735.310155562964
"psr","PSR","Sniper Rifle",20,"bolt","remove",0.67,80,53.6,53.6,2,2,4,4,38.11762015220833,4746.231855562964
"psr","PSR","Sniper Rifle",21,"bolt","remove",0.67,80,53.6,53.6,2,2,4,4,38.11762015220833,4747.4575555629635
"psr","PSR","Sniper Rifle",25,"bolt","remove",0.67,80,53.6,53.6,2,2,4,4,38.11762015220833,4752.385055562963
"psr","PSR","Sniper Rifle",30,"bolt","remove",0.67,80,53.6,53.6,2,2,4,4,38.11762015220833,4758.599955562963
"psr","PSR","Sniper Rifle",31,"bolt","remove",0.67,80,53.6,53.6,2,2,4,4,38.11762015220833,4759.850455562963
"psr","PSR","Sniper Rifle",35,"bolt","remove",0.67,80,53.6,53.6,2,2,4,4,38.11762015220833,4764.877455562963
"psr","PSR","Sniper Rifle",36,"bolt","remove",0.67,80,53.6,53.6,2,2,4,4,38.11762015220833,4766.140455562963
"psr","PSR","Sniper Rifle",37,"bolt","remove",0.67,80,53.6,53.6,2,2,4,4,38.11762015220833,4767.406055562964
"psr","PSR","Sniper Rifle",50,"bolt","remove",0.67,80,53.6,53.6,2,2,4,4,38.11762015220833,4784.090755562964
"psr","PSR","Sniper Rifle",60,"bolt","remove",0.67,80,53.6,53.6,2,2,4,4,38.11762015220833,4797.223655562963
"psr","PSR","Sniper Rifle",74,"bolt","remove",0.67,80,53.6,53.6,2,2,4,4,38.11762015220833,4816.056655562964
"psr","PSR","Sniper Rifle",75,"bolt","remove",0.67,80,53.6,53.6,2,2,4,4,38.11762015220833,4817.422155562964
"psr","PSR","Sniper Rifle",76,"bolt","remove",0.67,81.3333,53.6,53.6,2,2,4,4,38.11762015220833,4818.790355562964
"psr","PSR","Sniper Rifle",83,"bolt","remove",0.67,90.6667,53.6,53.6,2,2,4,4,38.11762015220833,4828.445055562964
"psr","PSR","Sniper Rifle",85,"bolt","remove",0.67,93.3333,53.6,53.6,2,2,4,4,38.11762015220833,4831.228455562964
"psr","PSR","Sniper Rifle",100,"bolt","remove",0.67,100,67,67,2,2,3,3,38.11762015220833,3278.3872703753086
"psr","PSR","Sniper Rifle",120,"bolt","remove",0.67,100,67,67,2,2,3,3,38.11762015220833,3307.708670375309
"psr","PSR","Sniper Rifle",150,"bolt","remove",0.67,71.5,54.27,54.27,2,2,4,4,38.11762015220833,4928.024855562963
"psr","PSR","Sniper Rifle",200,"bolt","remove",0.67,62,41.54,41.54,2,2,4,4,38.11762015220833,5011.534155562964
"psr","PSR","Sniper Rifle",250,"bolt","remove",0.67,62,41.54,41.54,2,2,4,4,38.11762015220833,5103.8262555629635
"psr","PSR","Sniper Rifle",300,"bolt","remove",0.67,62,41.54,41.54,2,2,4,4,38.11762015220833,5205.824855562963
"miniscout","Mini Scout","Sniper Rifle",1,"bolt","remove",0.67,62,41.54,41.54,2,2,4,4,51,3530.4654647058824
"miniscout","Mini Scout","Sniper Rifle",5,"bolt","remove",0.67,62,41.54,41.54,2,2,4,4,51,3534.7013647058825
"miniscout","Mini Scout","Sniper Rifle",9,"bolt","remove",0.67,62,41.54,41.54,2,2,4,4,51,3538.9712647058823
"miniscout","Mini Scout","Sniper Rifle",10,"bolt","remove",0.67,62,41.54,41.54,2,2,4,4,51,3540.0440647058826
"miniscout","Mini Scout","Sniper Rifle",11,"bolt","remove",0.67,62,41.54,41.54,2,2,4,4,51,3541.1190647058825
"miniscout","Mini Scout","Sniper Rifle",20,"bolt","remove",0.67,62,41.54,41.54,2,2,4,4,51,3550.8911647058826
"miniscout","Mini Scout","Sniper Rifle",21,"bolt","remove",0.67,62,41.54,41.54,2,2,4,4,51,3551.9877647058825
"miniscout","Mini Scout","Sniper Rifle",25,"bolt","remove",0.67,61.7037,41.54,41.54,2,2,4,4,51,3556.3965647058826
"miniscout","Mini Scout","Sniper Rifle",30,"bolt","remove",0.67,61.3333,41.54,41.54,2,2,4,4,51,3561.9573647058824
"miniscout","Mini Scout","Sniper Rifle",31,"bolt","remove",0.67,61.2593,41.54,41.54,2,2,4,4,51,3563.0761647058825
"miniscout","Mini Scout","Sniper Rifle",35,"bolt","remove",0.67,60.963,41.34148148148148,41.34148148148148,2,2,4,4,51,3567.5739647058826
"miniscout","Mini Scout","Sniper Rifle",36,"bolt","remove",0.67,60.8889,41.29185185185185,41.29185185185185,2,2,4,4,51,3568.7040647058825
"miniscout","Mini Scout","Sniper Rifle",37,"bolt","remove",0.67,60.8148,41.242222222222225,41.242222222222225,2,2,4,4,51,3569.8363647058823
"miniscout","Mini Scout","Sniper Rifle",50,"bolt","remove",0.67,59.8519,40.59703703703704,40.59703703703704,2,2,4,4,51,3584.7648647058822
"miniscout","Mini Scout","Sniper Rifle",60,"bolt","remove",0.67,59.1111,40.10074074074075,40.10074074074075,2,2,4,4,51,3596.5153647058823
"miniscout","Mini Scout","Sniper Rifle",74,"bolt","remove",0.67,58.0741,39.40592592592593,39.40592592592593,3,3,5,5,51,4789.836552941177
"miniscout","Mini Scout","Sniper Rifle",75,"bolt","remove",0.67,58,39.3562962962963,39.3562962962963,3,3,5,5,51,4791.058252941177
"miniscout","Mini Scout","Sniper Rifle",76,"bolt","remove",0.67,58,39.306666666666665,39.306666666666665,3,3,5,5,51,4792.282452941176
"miniscout","Mini Scout","Sniper Rifle",83,"bolt","remove",0.67,58,38.95925925925926,38.95925925925926,3,3,5,5,51,4800.920852941176
"miniscout","Mini Scout","Sniper Rifle",85,"bolt","remove",0.67,58,38.86,38.86,3,3,5,5,51,4803.411252941177
"miniscout","Mini Scout","Sniper Rifle",100,"bolt","remove",0.67,58,38.86,38.86,3,3,5,5,51,4822.410152941176
"miniscout","Mini Scout","Sniper Rifle",120,"bolt","remove",0.67,58,38.86,38.86,3,3,5,5,51,4848.645052941177
"miniscout","Mini Scout","Sniper Rifle",150,"bolt","remove",0.67,58,38.86,38.86,3,3,5,5,51,4890.0185529411765
"miniscout","Mini Scout","Sniper Rifle",200,"bolt","remove",0.67,58,38.86,38.86,3,3,5,5,51,4964.737452941176
"miniscout","Mini Scout","Sniper Rifle",250,"bolt","remove",0.67,58,38.86,38.86,3,3,5,5,51,5047.314552941177
"miniscout","Mini Scout","Sniper Rifle",300,"bolt","remove",0.67,58,38.86,38.86,3,3,5,5,51,5138.576452941176
"l115","L115A3","Sniper Rifle",1,"bolt","remove",0.67,80,53.6,53.6,2,2,4,4,46.349953649969095,3884.5788291326867
"l115","L115A3","Sniper Rifle",5,"bolt","remove",0.67,80,53.6,53.6,2,2,4,4,46.349953649969095,3888.9198291326866
"l115","L115A3","Sniper Rifle",9,"bolt","remove",0.67,80,53.6,53.6,2,2,4,4,46.349953649969095,3893.295629132687
"l115","L115A3","Sniper Rifle",10,"bolt","remove",0.67,80,53.6,53.6,2,2,4,4,46.349953649969095,3894.3951291326866
"l115","L115A3","Sniper Rifle",11,"bolt","remove",0.67,80,53.6,53.6,2,2,4,4,46.349953649969095,3895.4967291326866
"l115","L115A3","Sniper Rifle",20,"bolt","remove",0.67,80,53.6,53.6,2,2,4,4,46.349953649969095,3905.5113291326866
"l115","L115A3","Sniper Rifle",21,"bolt","remove",0.67,80,53.6,53.6,2,2,4,4,46.349953649969095,3906.6352291326866
"l115","L115A3","Sniper Rifle",25,"bolt","remove",0.67,80,53.6,53.6,2,2,4,4,46.349953649969095,3911.153329132687
"l115","L115A3","Sniper Rifle",30,"bolt","remove",0.67,80,53.6,53.6,2,2,4,4,46.349953649969095,3916.8520291326868
"l115","L115A3","Sniper Rifle",31,"bolt","remove",0.67,80,53.6,53.6,2,2,4,4,46.349953649969095,3917.998629132687
"l115","L115A3","Sniper Rifle",35,"bolt","remove",0.67,80,53.6,53.6,2,2,4,4,46.349953649969095,3922.608129132687
"l115","L115A3","Sniper Rifle",36,"bolt","remove",0.67,80,53.6,53.6,2,2,4,4,46.349953649969095,3923.766229132687
"l115","L115A3","Sniper Rifle",37,"bolt","remove",0.67,80,53.6,53.6,2,2,4,4,46.349953649969095,3924.9266291326867
"l115","L115A3","Sniper Rifle",50,"bolt","remove",0.67,80,53.6,53.6,2,2,4,4,46.349953649969095,3940.225529132687
"l115","L115A3","Sniper Rifle",60,"bolt","remove",0.67,80,53.6,53.6,2,2,4,4,46.349953649969095,3952.267529132687
"l115","L115A3","Sniper Rifle",74,"bolt","remove",0.67,80,53.6,53.6,2,2,4,4,46.349953649969095,3969.536229132687
"l115","L115A3","Sniper Rifle",75,"bolt","remove",0.67,80,53.6,53.6,2,2,4,4,46.349953649969095,3970.788229132687
"l115","L115A3","Sniper Rifle",76,"bolt","remove",0.67,80.8,53.6,53.6,2,2,4,4,46.349953649969095,3972.0428291326866
"l115","L115A3","Sniper Rifle",83,"bolt","remove",0.67,86.4,53.6,53.6,2,2,4,4,46.349953649969095,3980.8955291326865
"l115","L115A3","Sniper Rifle",85,"bolt","remove",0.67,88,53.6,53.6,2,2,4,4,46.349953649969095,3983.4477291326866
"l115","L115A3","Sniper Rifle",100,"bolt","remove",0.67,100,61.64,61.64,2,2,3,3,46.349953649969095,2708.418352755124
"l115","L115A3","Sniper Rifle",120,"bolt","remove",0.67,100,67,67,2,2,3,3,46.349953649969095,2735.304152755124
"l115","L115A3","Sniper Rifle",150,"bolt","remove",0.67,84.619,62.756666666666675,62.756666666666675,2,2,4,4,46.349953649969095,4072.203929132687
"l115","L115A3","Sniper Rifle",200,"bolt","remove",0.67,62,41.54,41.54,2,2,4,4,46.349953649969095,4148.776629132687
"l115","L115A3","Sniper Rifle",250,"bolt","remove",0.67,62,41.54,41.54,2,2,4,4,46.349953649969095,4233.402629132686
"l115","L115A3","Sniper Rifle",300,"bolt","remove",0.67,62,41.54,41.54,2,2,4,4,46.349953649969095,4326.928829132687
"m87a1","M87A1","Shotgun",1,"pump","remove",1,134.4,134.4,134.4,1,1,2,2,1799.999,640.3013723404256
"m87a1","M87A1","Shotgun",5,"pump","remove",1,134.4,134.4,134.4,1,1,2,2,1799.999,648.3858723404255
"m87a1","M87A1","Shotgun",9,"pump","remove",1,115.2,134.4,134.4,1,1,2,2,1799.999,656.5843723404256
"m87a1","M87A1","Shotgun",10,"pump","remove",1,115.2,134.4,134.4,1,1,2,2,1799.999,658.6519723404256
"m87a1","M87A1","Shotgun",11,"pump","remove",1,115.2,134.4,134.4,1,1,2,2,1799.999,660.7268599735593
"m87a1","M87A1","Shotgun",20,"pump","remove",1,89.6,115.2,115.2,1,1,3,3,1799.999,1318.028944680851
"m87a1","M87A1","Shotgun",21,"pump","remove",1,89.6,115.2,115.2,1,1,3,3,1799.999,1320.1777446808512
"m87a1","M87A1","Shotgun",25,"pump","remove",1,89.6,115.2,115.2,1,1,3,3,1799.999,1328.8484446808511
"m87a1","M87A1","Shotgun",30,"pump","remove",1,89.6,89.6,89.6,1,1,3,3,1799.999,1339.8589446808512
"m87a1","M87A1","Shotgun",31,"pump","remove",1,75,89.6,89.6,1,1,3,3,1799.999,1342.084244680851
"m87a1","M87A1","Shotgun",35,"pump","remove",1,60.8,89.6,89.6,1,1,3,3,1799.999,1351.0638132945717
"m87a1","M87A1","Shotgun",36,"pump","remove",1,60.8,89.6,89.6,1,1,3,3,1799.999,1353.3284122711511
"m87a1","M87A1","Shotgun",37,"pump","remove",1,60.8,89.6,89.6,1,1,3,3,1799.999,1355.6009446808512
"m87a1","M87A1","Shotgun",50,"pump","remove",1,60.8,60.8,60.8,2,2,4,4,1799.999,2024.1771693711955
"m87a1","M87A1","Shotgun",60,"pump","remove",1,60.8,60.8,60.8,2,2,4,4,1799.999,2048.423917021277
"m87a1","M87A1","Shotgun",74,"pump","remove",1,60.8,60.8,60.8,2,2,4,4,1799.999,2083.8272170212767
"m87a1","M87A1","Shotgun",75,"pump","remove",1,60.8,60.8,60.8,2,2,4,4,1799.999,2086.423017021277
"m87a1","M87A1","Shotgun",76,"pump","remove",1,60.8,60.8,60.8,2,2,4,4,1799.999,2089.0279170212766
"m87a1","M87A1","Shotgun",83,"pump","remove",1,60.8,60.8,60.8,2,2,4,4,1799.999,2107.5198170212766
"m87a1","M87A1","Shotgun",85,"pump","remove",1,60.8,60.8,60.8,2,2,4,4,1799.999,2112.8869743657197
"m87a1","M87A1","Shotgun",100,"pump","remove",1,60.8,60.8,60.8,2,2,4,4,1799.999,2154.360787645995
"m87a1","M87A1","Shotgun",120,"pump","remove",1,60.8,60.8,60.8,2,2,4,4,1799.999,2213.157317021277
"m87a1","M87A1","Shotgun",150,"pump","remove",1,60.8,60.8,60.8,2,2,4,4,1799.999,2309.441517021277
"m87a1","M87A1","Shotgun",200,"pump","remove",1,60.8,60.8,60.8,2,2,4,4,1799.999,2494.1809170212764
"m87a1","M87A1","Shotgun",250,"pump","remove",1,60.8,60.8,60.8,2,2,4,4,1799.999,2714.2509170212766
"m87a1","M87A1","Shotgun",300,"pump","remove",1,60.8,60.8,60.8,2,2,4,4,1799.999,2976.4085170212766
"m1014","M1014","Shotgun",1,"semi","remove",1,115.2,115.2,115.2,1,1,2,2,199.999,302.0035
"m1014","M1014","Shotgun",5,"semi","remove",1,115.2,115.2,115.2,1,1,2,2,199.999,310.088
"m1014","M1014","Shotgun",9,"semi","remove",1,100,115.2,115.2,1,1,2,2,199.999,318.2865
"m1014","M1014","Shotgun",10,"semi","remove",1,80,115.2,115.2,1,1,3,3,199.999,620.3541
"m1014","M1014","Shotgun",11,"semi","remove",1,80,115.2,115.2,1,1,3,3,199.999,622.4289876331337
"m1014","M1014","Shotgun",20,"semi","remove",1,50,80,80,1,1,3,3,199.999,641.4331999999999
"m1014","M1014","Shotgun",21,"semi","remove",1,50,80,80,1,1,3,3,199.999,643.582
"m1014","M1014","Shotgun",25,"semi","remove",1,50,80,80,1,1,3,3,199.999,652.2527
"m1014","M1014","Shotgun",30,"semi","remove",1,50,49.6,49.6,2,2,4,4,199.999,963.2632
"m1014","M1014","Shotgun",31,"semi","remove",1,50,49.6,49.6,2,2,4,4,199.999,965.4885
"m1014","M1014","Shotgun",35,"semi","remove",1,50,36.8,36.8,3,3,5,5,199.999,1274.4681
"m1014","M1014","Shotgun",36,"semi","remove",1,50,36.8,36.8,3,3,5,5,199.999,1276.7327
"m1014","M1014","Shotgun",37,"semi","remove",1,42.9,36.8,36.8,3,3,6,6,199.999,1579.0052
"m1014","M1014","Shotgun",50,"semi","remove",1,36.8,36.8,36.8,3,3,6,6,199.999,1609.2835523499189
"m1014","M1014","Shotgun",60,"semi","remove",1,42.9,36.8,36.8,3,3,6,6,199.999,1633.5303
"m1014","M1014","Shotgun",74,"semi","remove",1,42.9,36.8,36.8,3,3,6,6,199.999,1668.9336
"m1014","M1014","Shotgun",75,"semi","remove",1,42.9,36.8,36.8,3,3,6,6,199.999,1671.5294
"m1014","M1014","Shotgun",76,"semi","remove",1,36.8,36.8,36.8,3,3,6,6,199.999,1674.1343
"m1014","M1014","Shotgun",83,"semi","remove",1,36.8,36.8,36.8,3,3,6,6,199.999,1692.6262
"m1014","M1014","Shotgun",85,"semi","remove",1,36.8,36.8,36.8,3,3,6,6,199.999,1697.993357344443
"m1014","M1014","Shotgun",100,"semi","remove",1,36.8,36.8,36.8,3,3,6,6,199.999,1739.4671706247184
"m1014","M1014","Shotgun",120,"semi","remove",1,36.8,36.8,36.8,3,3,6,6,199.999,1798.2637
"m1014","M1014","Shotgun",150,"semi","remove",1,36.8,36.8,36.8,3,3,6,6,199.999,1894.5479
"m1014","M1014","Shotgun",200,"semi","remove",1,36.8,36.8,36.8,3,3,6,6,199.999,2079.2873
"m1014","M1014","Shotgun",250,"semi","remove",1,36.8,36.8,36.8,3,3,6,6,199.999,2299.3573
"m1014","M1014","Shotgun",300,"semi","remove",1,36.8,36.8,36.8,3,3,6,6,199.999,2561.5149
"db12","DB-12","Shotgun",1,"pump","remove",1,89.6,89.6,89.6,1,1,3,3,359.999,802.0035
"db12","DB-12","Shotgun",5,"pump","remove",1,89.6,89.6,89.6,1,1,3,3,359.999,810.088
"db12","DB-12","Shotgun",9,"pump","remove",1,89.6,89.6,89.6,1,1,3,3,359.999,818.2865
"db12","DB-12","Shotgun",10,"pump","remove",1,89.6,89.6,89.6,1,1,3,3,359.999,820.3541
"db12","DB-12","Shotgun",11,"pump","remove",1,89.6,89.6,89.6,1,1,3,3,359.999,822.4289876331337
"db12","DB-12","Shotgun",20,"pump","remove",1,52.8,89.6,89.6,1,1,3,3,359.999,841.4331999999999
"db12","DB-12","Shotgun",21,"pump","remove",1,52.8,89.6,89.6,1,1,3,3,359.999,843.582
"db12","DB-12","Shotgun",25,"pump","remove",1,42.9,89.6,89.6,1,1,4,4,359.999,1018.9193666666666
"db12","DB-12","Shotgun",30,"pump","remove",1,42.9,52.8,52.8,2,2,5,5,359.999,1663.2632
"db12","DB-12","Shotgun",31,"pump","remove",1,42.9,52.8,52.8,2,2,5,5,359.999,1665.4885
"db12","DB-12","Shotgun",35,"pump","remove",1,40,40,40,2,2,5,5,359.999,1674.4680686137206
"db12","DB-12","Shotgun",36,"pump","remove",1,40,40,40,2,2,5,5,359.999,1676.7326675903
"db12","DB-12","Shotgun",37,"pump","remove",1,40,40,40,2,2,5,5,359.999,1679.0052
"db12","DB-12","Shotgun",50,"pump","remove",1,40,40,40,2,2,5,5,359.999,1709.2835523499189
"db12","DB-12","Shotgun",60,"pump","remove",1,40,40,40,2,2,5,5,359.999,1733.5303
"db12","DB-12","Shotgun",74,"pump","remove",1,40,40,40,2,2,5,5,359.999,1768.9336
"db12","DB-12","Shotgun",75,"pump","remove",1,40,40,40,2,2,5,5,359.999,1771.5294
"db12","DB-12","Shotgun",76,"pump","remove",1,40,40,40,2,2,5,5,359.999,1774.1343
"db12","DB-12","Shotgun",83,"pump","remove",1,40,40,40,2,2,5,5,359.999,1792.6262
"db12","DB-12","Shotgun",85,"pump","remove",1,40,40,40,2,2,5,5,359.999,1797.993357344443
"db12","DB-12","Shotgun",100,"pump","remove",1,40,40,40,2,2,5,5,359.999,1839.4671706247184
"db12","DB-12","Shotgun",120,"pump","remove",1,40,40,40,2,2,5,5,359.999,1898.2637
"db12","DB-12","Shotgun",150,"pump","remove",1,40,40,40,2,2,5,5,359.999,1994.5479
"db12","DB-12","Shotgun",200,"pump","remove",1,40,40,40,2,2,5,5,359.999,2179.2873
"db12","DB-12","Shotgun",250,"pump","remove",1,40,40,40,2,2,5,5,359.999,2399.3573
"db12","DB-12","Shotgun",300,"pump","remove",1,40,40,40,2,2,5,5,359.999,2661.5149